file_name,audio_path,transcription,domain,voice,transcription_romanized,inference_time,mcd,f0_rmse,f0_correlation,duration_ratio
000719_mekdes.wav,Dataset_4.0h/audio/000719_mekdes.wav,የንግድ ምልክት ዝውውር ህጋዊ ውጤት የሚኖረው በንግድ መዝገብ ውስጥ ሲመዘገብ ብቻ ሲሆን ዝውውሩ የተደረገው በሽያጭ ወይም በስጦታ መሆኑ በውሉ ላይ በግልጽ መቀመጥ እና በሁለቱ ወገኖች ፊርማ ተረጋግጦ ለሚመለከተው አካል መቅረብ አለበት ።,Unknown,Unknown,yanegede melekete zewewere hegaawi weteete yaminorawe banegede mazegabe wesete simazagabe bechaa sihone zeweweru yatadaragawe basheyaache wayeme basetotaa mahonu bawelu laaye bageletse maqamate enaa bahulatu waganoche firemaa taragaageto lamimalakatawe akaale maqerabe alabate .,0.0013179779052734375,,,,
000724_mekdes.wav,Dataset_4.0h/audio/000724_mekdes.wav,በዚህ የድንበር ስምምነት መሰረት ሁለቱም ሀገራት የየራሳቸውን የግዛት አንድነት ለማክበር የተስማሙ ሲሆን በድንበር አካባቢ የሚነሱ ማናቸውም አለመግባባቶች በጋራ የድንበር ኮሚሽን አማካኝነት በሰላማዊ ውይይት እንዲፈቱ በህግ ግዴታ ገብተዋል ።,Unknown,Unknown,bazihe yadenebare sememenate masarate hulatume hagaraate yayaraasaachawene yagezaate anedenate lamaakebare yatasemaamu sihone badenebare akaabaabi yaminasu maanaachaweme alamagebaabaatoche bagaaraa yadenebare komishene amaakaanyenate basalaamaawi weyeyete enedifatu bahege gedeetaa gabetawaale .,0.001233816146850586,,,,
000295_ameha.wav,Dataset_4.0h/audio/000295_ameha.wav,ማንኛውም ህዝባዊ ምርጫ በፍትሃዊነት እና በነጻነት የሚካሄድ መሆኑን የማረጋገጥ ህገመንግስታዊ ግዴታ በምርጫ ቦርድ ላይ ተጥልዋል።,Unknown,Unknown,maanenyaaweme hezebaawi merechaa bafetehaawinate enaa banatsaanate yamikaaheede mahonune yamaaragaagate hegamanegesetaawi gedeetaa bamerechaa borede laaye tatelewaale.,0.0007600784301757812,,,,
000701_gtts_aug1.wav,Dataset_4.0h/audio/000701_gtts_aug1.wav,የንግድ ማህበር ስራ አስኪያጅ በጤና እክል ወይም በሌላ በቂ ምክንያት ስራውን ማከናወን ካልቻለ የዳይሬክተሮች ቦርድ ጊዜያዊ ስራ አስኪያጅ የመሾም ስልጣን ያለው ሲሆን ይህ ሹመትም ለሚቀጥለው ጠቅላላ ጉባኤ ቀርቦ መጽደቅ አለበት ።,Unknown,Unknown,yanegede maahebare seraa asekiyaaje bateenaa ekele wayeme baleelaa baqi mekeneyaate seraawene maakanaawane kaalechaala yadaayereeketaroche borede gizeeyaawi seraa asekiyaaje yamashome seletaane yaalawe sihone yehe shumateme lamiqatelawe taqelaalaa gubaaee qarebo matsedaqe alabate .,0.0013310909271240234,,,,
000251_ameha_aug1.wav,Dataset_4.0h/audio/000251_ameha_aug1.wav,በወንጀል ህግ መሰረት ጥፋተኛ ተብሎ የተወሰነበት ሰው የቅጣት ውሳኔው ከጸና በኋላ ይግባኝ የመጠየቅ መብቱ የተጠበቀ ቢሆንም ይግባኙን ማቅረብ ያለበት የቅጣት ውሳኔው በተሰጠ በስልሳ ቀናት ውስጥ መሆን እንዳለበት የሰነ ሰርአት ህጉ ያስረዳል ።,Unknown,Unknown,bawanejale hege masarate tefaatanyaa tabelo yatawasanabate sawe yaqetaate wesaaneewe katsanaa baxwaalaa yegebaanye yamatayaqe mabetu yatatabaqa bihoneme yegebaanyune maaqerabe yaalabate yaqetaate wesaaneewe batasata baselesaa qanaate wesete mahone enedaalabate yasana sareate hegu yaaseradaale .,0.0012280941009521484,,,,
000726_ameha.wav,Dataset_4.0h/audio/000726_ameha.wav,የፍርድ ቤት ክፍያዎች የሚከተሉትን ያጠቃልላሉ አንደኛ የክስ መክፈቻ ክፍያ ሁለተኛ የሰነድ ቅጂ ክፍያ ሶስተኛ የይግባኝ ክፍያ እና አራተኛ የአስፈጻሚ ክፍያ ሲሆኑ እያንዳንዳቸው በህግ የተወሰኑ ናቸው።,Unknown,Unknown,yaferede beete kefeyaawoche yamikatalutene yaataqaalelaalu anedanyaa yakese makefachaa kefeyaa hulatanyaa yasanade qeji kefeyaa sosetanyaa yayegebaanye kefeyaa enaa araatanyaa yaasefatsaami kefeyaa sihonu eyaanedaanedaachawe bahege yatawasanu naachawe.,0.0010428428649902344,,,,
000461_mekdes.wav,Dataset_4.0h/audio/000461_mekdes.wav,የንግድ ስም ማስታወቂያ በጋዜጣ የሚወጣው ሶስተኛ ወገኖች ተቃውሞ ካላቸው እንዲያቀርቡ ለማስቻል ሲሆን ተቃውሞው በአስራ አምስት ቀናት ውስጥ ካልቀረበ መዝጋቢው አካል የንግድ ስሙን መዝግቦ የምስክር ወረቀት ለባለቤቱ ይሰጣል ።,Unknown,Unknown,yanegede seme maasetaawaqiyaa bagaazeetaa yamiwataawe sosetanyaa waganoche taqaawemo kaalaachawe enediyaaqarebu lamaasechaale sihone taqaawemowe baaseraa amesete qanaate wesete kaaleqaraba mazegaabiwe akaale yanegede semune mazegebo yamesekere waraqate labaalabeetu yesataale .,0.0011420249938964844,,,,
000455_mekdes_aug1.wav,Dataset_4.0h/audio/000455_mekdes_aug1.wav,የታክስ አስተዳደር አዋጅ ቁጥር ዘጠኝ መቶ ሰባ አምስት አንቀጽ ሁለት መቶ አራት አስር አራት እንደሚያመለክተው ማንኛውም ግብር ከፋይ የታክስ ባለስልጣኑ የሰጠውን የታክስ ውሳኔ በመቃወም ለከፍተኛ ፍርድ ቤት ይግባኝ ሲያቀርብ ፍርድ ቤቱ ጉዳዩን መርምሮ የመጨረሻ ውሳኔ እስኪሰጥ ድረስ ግብር ከፋዩ ግብሩን የመክፈል ግዴታው ለጊዜው ታግዶ ሊቆይ ይችላል ።,Unknown,Unknown,yataakese asetadaadare awaaje qutere zatanye mato sabaa amesete aneqatse hulate mato araate asere araate enedamiyaamalaketawe maanenyaaweme gebere kafaaye yataakese baalaseletaanu yasatawene yataakese wesaanee bamaqaawame lakafetanyaa ferede beete yegebaanye siyaaqarebe ferede beetu gudaayune maremero yamacharashaa wesaanee esekisate derase gebere kafaayu geberune yamakefale gedeetaawe lagizeewe taagedo liqoye yechelaale .,0.0017681121826171875,,,,
000270_mekdes.wav,Dataset_4.0h/audio/000270_mekdes.wav,አንድ የፍርድ ቤት ትእዛዝ በግልጽ ካልተጻፈ ወይም አፈጻጸሙ ግልጽ ካልሆነ የሚመለከተው አካል ከፍርድ ቤቱ ተጨማሪ ማብራሪያ የመጠየቅ መብት ይኖረዋል።,Unknown,Unknown,anede yaferede beete teezaaze bageletse kaaletatsaafa wayeme afatsaatsamu geletse kaalehona yamimalakatawe akaale kaferede beetu tachamaari maaberaariyaa yamatayaqe mabete yenorawaale.,0.0010349750518798828,,,,
000815_ameha_aug1.wav,Dataset_4.0h/audio/000815_ameha_aug1.wav,የመጥሪያ ወረቀት ማለት ተከሳሹ ለፍርድ ቤት እንዲቀርብ የሚያዝ የጽሁፍ ትእዛዝ ሲሆን ይህም የህግ ሂደቱን ለመጀመር ያገለግላል።,Unknown,Unknown,yamateriyaa waraqate maalate takasaashu laferede beete enediqarebe yamiyaaze yatsehufe teezaaze sihone yeheme yahege hidatune lamajamare yaagalagelaale.,0.0007948875427246094,,,,
000862_gtts_aug1.wav,Dataset_4.0h/audio/000862_gtts_aug1.wav,በወንጀል ህግ አንቀጽ አምስት መቶ አስር መሰረት በሰዎች መካከል ግጭት እንዲነሳ የሚቀሰቅስ ንግግር ማድረግ ወይም የጥላቻ ንግግርን በመገናኛ ብዙሀን ማሰራጨት በህግ የሚያስቀጣ ወንጀል ሲሆን ተከሳሹ ድርጊቱን የፈጸመው ሆን ብሎ ረብሻ እንዲነሳ ለማድረግ መሆኑ ከተረጋገጠ ቅጣቱ ከፍተኛ ይሆናል ።,Unknown,Unknown,bawanejale hege aneqatse amesete mato asere masarate basawoche makaakale gechete enedinasaa yamiqasaqese negegere maaderage wayeme yatelaachaa negegerene bamaganaanyaa bezuhane maasaraachate bahege yamiyaaseqataa wanejale sihone takasaashu deregitune yafatsamawe hone belo rabeshaa enedinasaa lamaaderage mahonu kataragaagata qetaatu kafetanyaa yehonaale .,0.0017588138580322266,,,,
000269_ameha_aug1.wav,Dataset_4.0h/audio/000269_ameha_aug1.wav,የአለም አቀፍ የወንጀለኞች ፍርድ ቤት ሮም ስታትዩት ማለት የዘር ማጥፋትን በሰው ልጆች ላይ የሚፈጸሙ ወንጀሎችን የጦር ወንጀሎችን እና የጥቃት ወንጀሎችን የሚፈጽሙ ግለሰቦችን በቁጥጥር ስር ለማዋል እና ለፍርድ ለማቅረብ የተቋቋመ የቋሚ ፍርድ ቤት መመስረቻ ሰነድ ሲሆን ይህም የአለም አቀፍ ፍትህን ለማረጋገጥ የታለመ ነው ።,Unknown,Unknown,yaalame aqafe yawanejalanyoche ferede beete rome setaateyute maalate yazare maatefaatene basawe lejoche laaye yamifatsamu wanejalochene yatore wanejalochene enaa yateqaate wanejalochene yamifatsemu gelasabochene baqutetere sere lamaawaale enaa laferede lamaaqerabe yataqwaaqwaama yaqwaami ferede beete mamaserachaa sanade sihone yeheme yaalame aqafe fetehene lamaaragaagate yataalama nawe .,0.0016148090362548828,,,,
000201_ameha_aug1.wav,Dataset_4.0h/audio/000201_ameha_aug1.wav,የህግ ውክልና ዋና ዋና ግዴታዎች የሚከተሉት ናቸው አንደኛ የደንበኛውን ጥቅም መጠበቅ ሁለተኛ ሚስጥራዊነትን ማክበር ሶስተኛ የህግ ምክር መስጠት እና አራተኛ በፍርድ ቤት መወከል የሚሉት ናቸው።,Unknown,Unknown,yahege wekelenaa waanaa waanaa gedeetaawoche yamikatalute naachawe anedanyaa yadanebanyaawene teqeme matabaqe hulatanyaa miseteraawinatene maakebare sosetanyaa yahege mekere masetate enaa araatanyaa baferede beete mawakale yamilute naachawe.,0.0009968280792236328,,,,
000161_ameha.wav,Dataset_4.0h/audio/000161_ameha.wav,የተባበሩት መንግስታት ድርጅት የጸጥታው ምክር ቤት በአንድ ሀገር ላይ የሚወሰድ የሰላም ማስከበር ስራ ውጤታማ እንዲሆን የሁለቱንም ተከራካሪ ወገኖች ፍቃደኝነት ማግኘት አስፈላጊ መሆኑን እና በገለልተኝነት እንዲሁም የሀይል እርምጃን ለመከላከያ ብቻ በመጠቀም መርህ ላይ ተመስርቶ ሊከናወን እንደሚገባ በድጋሚ ያረጋግጣል ።,Unknown,Unknown,yatabaabarute manegesetaate derejete yatsatetaawe mekere beete baanede hagare laaye yamiwasade yasalaame maasekabare seraa weteetaamaa enedihone yahulatuneme takaraakaari waganoche feqaadanyenate maagenyate asefalaagi mahonune enaa bagalaletanyenate enedihume yahayele eremejaane lamakalaakayaa bechaa bamataqame marehe laaye tamasereto likanaawane enedamigabaa badegaami yaaragaagetaale .,0.0016210079193115234,,,,
000555_ameha_aug1.wav,Dataset_4.0h/audio/000555_ameha_aug1.wav,የገንዘብ ዝውውር በብሄራዊ ባንክ ቁጥጥር ስር ነው።,Unknown,Unknown,yaganezabe zewewere babeheeraawi baaneke qutetere sere nawe.,0.0003178119659423828,,,,
000729_gtts_aug1.wav,Dataset_4.0h/audio/000729_gtts_aug1.wav,የአለም አቀፍ የንግድ ክርክር ሽምግልና ስምምነት መሰረት በሁለት የግል ኩባንያዎች መካከል የሚነሳ ማንኛውም የውል አለመግባባት በገለልተኛ ዳኞች እንዲታይ የሚደረግ ሲሆን የዳኞቹ ውሳኔም በመጨረሻነት በሁለቱም ወገኖች ላይ ተፈጻሚነት እንደሚኖረው እና ውሳኔውም በሀገሪቱ ፍርድ ቤቶች በኩል እንደሚፈጸም በዝርዝር ይደነግጋል ።,Unknown,Unknown,yaalame aqafe yanegede kerekere shemegelenaa sememenate masarate bahulate yagele kubaaneyaawoche makaakale yaminasaa maanenyaaweme yawele alamagebaabaate bagalaletanyaa daanyoche eneditaaye yamidarage sihone yadaanyochu wesaaneeme bamacharashaanate bahulatume waganoche laaye tafatsaaminate enedaminorawe enaa wesaaneeweme bahagaritu ferede beetoche bakule enedamifatsame bazerezere yedanagegaale .,0.001766204833984375,,,,
000401_mekdes_aug1.wav,Dataset_4.0h/audio/000401_mekdes_aug1.wav,የጋብቻ ስጦታ ማለት ተጋቢዎች ከመጋባታቸው በፊት ወይም በጋብቻ ወቅት እርስ በእርሳቸው የሚሰጣጡት ንብረት ሲሆን ይህም ስጦታ በጽሁፍ ካልተረጋገጠ ወይም በኑዛዜ ካልተደገፈ በስተቀር ጋብቻው በሚፈርስበት ጊዜ ለጋሹ ንብረቱን መልሶ የመጠየቅ መብት እንደማይኖረው በህጉ ተመልክትዋል ።,Unknown,Unknown,yagaabechaa setotaa maalate tagaabiwoche kamagaabaataachawe bafite wayeme bagaabechaa waqete erese baeresaachawe yamisataatute neberate sihone yeheme setotaa batsehufe kaaletaragaagata wayeme banuzaazee kaaletadagafa basetaqare gaabechaawe bamifaresebate gizee lagaashu neberatune maleso yamatayaqe mabete enedamaayenorawe bahegu tamaleketewaale .,0.001672983169555664,,,,
000702_ameha.wav,Dataset_4.0h/audio/000702_ameha.wav,በአንቀጽ አምስት ሺህ አምስት መቶ ሃምሳ አምስት መሰረት ማንኛውም ሰው የሌላውን ሰው የፈጠራ ስራ ወይም የደራሲነት መብት ያለፈቃድ ለግል ጥቅሙ ያዋለ እንደሆነ ድርጊቱ የአእምሮአዊ ንብረት ስርቆት ተደርጎ የሚቆጠር ሲሆን ተጎጂው የካሳ ክፍያ እና ድርጊቱ እንዲቆም የመጠየቅ መብት አለው ።,Unknown,Unknown,baaneqatse amesete shihe amesete mato haamesaa amesete masarate maanenyaaweme sawe yaleelaawene sawe yafataraa seraa wayeme yadaraasinate mabete yaalafaqaade lagele teqemu yaawaala enedahona deregitu yaaemeroawi neberate sereqote tadarego yamiqotare sihone tagojiwe yakaasaa kefeyaa enaa deregitu enediqome yamatayaqe mabete alawe .,0.001374959945678711,,,,
000476_ameha_aug1.wav,Dataset_4.0h/audio/000476_ameha_aug1.wav,በሁለት መንግስታት መካከል የሚደረግ የድንበር ስምምነት ውጤታማ እንዲሆን እና በህግ ፊት ጸንቶ እንዲቆይ ከተፈለገ ስምምነቱ በሁለቱም ሀገራት ይፋዊ ጋዜጣ ላይ ታትሞ መውጣት ያለበት ሲሆን ይህም ሂደት ከተጠናቀቀ በኋላ በሰላሳ ቀናት ውስጥ ለአለም አቀፍ ድርጅት መመዝገብ እንዳለበት በግልጽ ተቀምጥዋል ።,Unknown,Unknown,bahulate manegesetaate makaakale yamidarage yadenebare sememenate weteetaamaa enedihone enaa bahege fite tsaneto enediqoye katafalaga sememenatu bahulatume hagaraate yefaawi gaazeetaa laaye taatemo mawetaate yaalabate sihone yeheme hidate katatanaaqaqa baxwaalaa basalaasaa qanaate wesete laalame aqafe derejete mamazegabe enedaalabate bageletse taqametewaale .,0.0014350414276123047,,,,
000821_mekdes.wav,Dataset_4.0h/audio/000821_mekdes.wav,የውል ማሻሻያ ሰነድ ከዋናው ውል ጋር ተያይዞ የሚቀመጥ እና የውሉ አካል ሆኖ የሚያገለግል ሲሆን በሁለቱ ሰነዶች መካከል ግጭት ቢፈጠር የኋለኛው ወይም አዲሱ ሰነድ በህግ ፊት የበላይነት እንደሚኖረው እንደ አንድ መሰረታዊ መርህ ይታያል ።,Unknown,Unknown,yawele maashaashaayaa sanade kawaanaawe wele gaare tayaayezo yamiqamate enaa yawelu akaale hono yamiyaagalagele sihone bahulatu sanadoche makaakale gechete bifatare yaxwaalanyaawe wayeme adisu sanade bahege fite yabalaayenate enedaminorawe eneda anede masarataawi marehe yetaayaale .,0.0011570453643798828,,,,
000771_mekdes_aug1.wav,Dataset_4.0h/audio/000771_mekdes_aug1.wav,ሶስት መቶ ሰባ። የህዝብ ተወካዮች ምክር ቤት የውጭ ብድር ስምምነቶችን የማጽደቅ ስልጣን ያለው ሲሆን ይህንንም የሀገሪቱን ጥቅም መሰረት በማድረግ ያከናውናል።,Unknown,Unknown,sosete mato sabaa. yahezebe tawakaayoche mekere beete yaweche bedere sememenatochene yamaatsedaqe seletaane yaalawe sihone yeheneneme yahagaritune teqeme masarate bamaaderage yaakanaawenaale.,0.0008420944213867188,,,,
000105_ameha_aug1.wav,Dataset_4.0h/audio/000105_ameha_aug1.wav,በአንቀጽ ዘጠኝ ሺህ ዘጠኝ መቶ ዘጠና ዘጠኝ መሰረት ማንኛውም ሰው በህገ ወጥ መንገድ የጦር መሳሪያ የያዘ ወይም ዝውውር የፈጸመ እንደሆነ ድርጊቱ የሀገርን ሰላም እና ጸጥታ የሚጎዳ በመሆኑ መሳሪያው ለመንግስት እንዲወረስ እና ግለሰቡ ከአምስት እስከ አስር አመት በሚደርስ ጽኑ እስራት እንዲቀጣ የሚል ውሳኔ ይሰጣል ።,Unknown,Unknown,baaneqatse zatanye shihe zatanye mato zatanaa zatanye masarate maanenyaaweme sawe bahega wate manegade yatore masaariyaa yayaaza wayeme zewewere yafatsama enedahona deregitu yahagarene salaame enaa tsatetaa yamigodaa bamahonu masaariyaawe lamanegesete enediwarase enaa gelasabu kaamesete eseka asere amate bamidarese tsenu eseraate enediqataa yamile wesaanee yesataale .,0.0015099048614501953,,,,
000565_gtts_aug1.wav,Dataset_4.0h/audio/000565_gtts_aug1.wav,የመንግስት ሰራተኞች የህዝብን ጥቅም ለማስጠበቅ የተሾሙ በመሆናቸው ከግል ፍላጎት ነጻ ሆነው መስራት አለባቸው።,Unknown,Unknown,yamanegesete saraatanyoche yahezebene teqeme lamaasetabaqe yatashomu bamahonaachawe kagele felaagote natsaa honawe maseraate alabaachawe.,0.0006129741668701172,,,,
000389_ameha.wav,Dataset_4.0h/audio/000389_ameha.wav,የፍርድ ቤት ክፍለ ጊዜ ሲጠናቀቅ የጉዳዩ ፋይሎች ሙሉ በሙሉ መዝጋት ይኖርባቸዋል እና አስፈላጊ ከሆነም የመዝገብ ቤት መላክ አለበት።,Unknown,Unknown,yaferede beete kefela gizee sitanaaqaqe yagudaayu faayeloche mulu bamulu mazegaate yenorebaachawaale enaa asefalaagi kahoname yamazegabe beete malaake alabate.,0.0006859302520751953,,,,
000001_mekdes_aug1.wav,Dataset_4.0h/audio/000001_mekdes_aug1.wav,የአለም አቀፍ የባህል ቅርሶች ዝውውር ቁጥጥር ስምምነት ማለት በህገ ወጥ መንገድ የወጡ ቅርሶችን ወደ ነበሩበት ሀገር ለመመለስ እና የቅርሶችን ደህንነት ለመጠበቅ የሚረዱ ደንቦች ስብስብ ሲሆን ይህም የሀገራትን ታሪካዊ ቅርስ እና ባህላዊ ማንነት ለመጠበቅ ወሳኝ እርምጃ ነው ።,Unknown,Unknown,yaalame aqafe yabaahele qeresoche zewewere qutetere sememenate maalate bahega wate manegade yawatu qeresochene wada nabarubate hagare lamamalase enaa yaqeresochene dahenenate lamatabaqe yamiradu daneboche sebesebe sihone yeheme yahagaraatene taarikaawi qerese enaa baahelaawi maanenate lamatabaqe wasaanye eremejaa nawe .,0.0014710426330566406,,,,
000976_ameha.wav,Dataset_4.0h/audio/000976_ameha.wav,የቤተሰብ ፍርድ ቤቶች ህጻናትን ከአካልና ከአእምሮ ጥቃት የመጠበቅ ህገ መንግስታዊ ግዴታ አለባቸው።,Unknown,Unknown,yabeetasabe ferede beetoche hetsaanaatene kaakaalenaa kaaemero teqaate yamatabaqe hega manegesetaawi gedeetaa alabaachawe.,0.0005831718444824219,,,,
001024_gtts.wav,Dataset_4.0h/audio/001024_gtts.wav,አንድ አገር ከአለም አቀፍ የኢንዱስትሪ ልማት ድርጅት ጋር ባላት ስምምነት መሰረት የማምረቻ ዘርፍዋን ለማሳደግ የሚያስችሉ ፖሊሲዎችን የመቅረጽ እና ለአነስተኛ እና መካከለኛ ኢንተርፕራይዞች የቴክኒክ ድጋፍ የማድረግ ግዴታ ያለባት ሲሆን ድርጅቱም የኢንቨስትመንት ፍሰትን ለማሳደግ የሚያስችሉ ስራዎችን በጋራ የመስራት ሀላፊነት አለበት ።,Unknown,Unknown,anede agare kaalame aqafe yaineduseteri lemaate derejete gaare baalaate sememenate masarate yamaamerachaa zarefewaane lamaasaadage yamiyaasechelu polisiwochene yamaqeratse enaa laanasetanyaa enaa makaakalanyaa inetareperaayezoche yateekenike degaafe yamaaderage gedeetaa yaalabaate sihone derejetume yainevasetemanete fesatene lamaasaadage yamiyaasechelu seraawochene bagaaraa yamaseraate halaafinate alabate .,0.0016629695892333984,,,,
000561_ameha_aug1.wav,Dataset_4.0h/audio/000561_ameha_aug1.wav,የመሬት ይዞታ መብት የሚገኘው በመንግስት ከተሰጠ የመሬት ካርታ ወይም የይዞታ ሰነድ ሲሆን ይህ ሰነድ የመሬቱን ወሰን እና የባለቤቱን መብቶች በግልጽ ያስቀምጣል።,Unknown,Unknown,yamareete yezotaa mabete yamiganyawe bamanegesete katasata yamareete kaaretaa wayeme yayezotaa sanade sihone yehe sanade yamareetune wasane enaa yabaalabeetune mabetoche bageletse yaaseqametaale.,0.0008339881896972656,,,,
000931_mekdes.wav,Dataset_4.0h/audio/000931_mekdes.wav,ዘጠና ስድስት። የአስተዳደር አካላት ውሳኔዎችን በሚሰጡበት ጊዜ የፍትህ መርሆችን ማክበር ያለባቸው ሲሆን ይህም የማስረጃ አሰባሰብ እና የውሳኔ አሰጣጥ ሂደትን ያካትታል።,Unknown,Unknown,zatanaa sedesete. yaasetadaadare akaalaate wesaaneewochene bamisatubate gizee yafetehe marehochene maakebare yaalabaachawe sihone yeheme yamaaserajaa asabaasabe enaa yawesaanee asataate hidatene yaakaatetaale.,0.0009086132049560547,,,,
000080_mekdes.wav,Dataset_4.0h/audio/000080_mekdes.wav,የአስተዳደር ስነ ስርአት ደንብ ማለት የአስተዳደር አካላት ውሳኔዎችን ለመስጠት የሚከተልዋቸውን መርሆዎች እና አሰራሮች የሚያስቀምጥ ሰነድ ነው።,Unknown,Unknown,yaasetadaadare sena sereate danebe maalate yaasetadaadare akaalaate wesaaneewochene lamasetate yamikatalewaachawene marehowoche enaa asaraaroche yamiyaaseqamete sanade nawe.,0.0007619857788085938,,,,
000205_ameha_aug1.wav,Dataset_4.0h/audio/000205_ameha_aug1.wav,ይህ ደንብ የመንግስት አካላት ለተሰጣቸው ስልጣን ሙሉ በሙሉ ተጠያቂ መሆናቸውን ያረጋግጣል።,Unknown,Unknown,yehe danebe yamanegesete akaalaate latasataachawe seletaane mulu bamulu tatayaaqi mahonaachawene yaaragaagetaale.,0.0005230903625488281,,,,
000034_ameha_aug1.wav,Dataset_4.0h/audio/000034_ameha_aug1.wav,የፌደራል መንግስት የአስቸኳይ ጊዜ አዋጅ የማወጅ ስልጣን በአንቀጽ ዘጠና ሶስት ንኡስ አንቀጽ አንድ መሰረት የተሰጠው ነው።,Unknown,Unknown,yafeedaraale manegesete yaasechakwaaye gizee awaaje yamaawaje seletaane baaneqatse zatanaa sosete neuse aneqatse anede masarate yatasatawe nawe.,0.0006432533264160156,,,,
000942_gtts_aug1.wav,Dataset_4.0h/audio/000942_gtts_aug1.wav,በወንጀል ህግ አንቀጽ አምስት መቶ አራት አስር ስድስት መሰረት በህገ ወጥ መንገድ ሰዎችን ከአገር ማውጣት ወይም በሀገር ውስጥ የሰው ዝውውር መፈጸም በሰብአዊነት ላይ የሚፈጸም ወንጀል ሆኖ ተከሳሹ በዚህ ተግባር ከተሰማራ ንብረቱ እንዲወረስ እና በከባድ እስራት እንዲቀጣ ይደረጋል ።,Unknown,Unknown,bawanejale hege aneqatse amesete mato araate asere sedesete masarate bahega wate manegade sawochene kaagare maawetaate wayeme bahagare wesete yasawe zewewere mafatsame basabeawinate laaye yamifatsame wanejale hono takasaashu bazihe tagebaare katasamaaraa neberatu enediwarase enaa bakabaade eseraate enediqataa yedaragaale .,0.0013110637664794922,,,,
000775_mekdes_aug1.wav,Dataset_4.0h/audio/000775_mekdes_aug1.wav,የንግድ ስራን ለማስተላለፍ ወይም ለመሸጥ የሚከተሉትን ማምዋላት ያስፈልጋል አንደኛ የሽያጭ ውሉ በውል እና ማስረጃ መመዝገብ ሁለተኛ የግብር ሰነዶች መጣራት ሶስተኛ የንግድ ሚኒስቴር ፈቃድ መስጠት ናቸው ።,Unknown,Unknown,yanegede seraane lamaasetalaalafe wayeme lamashate yamikatalutene maamewaalaate yaasefalegaale anedanyaa yasheyaache welu bawele enaa maaserajaa mamazegabe hulatanyaa yagebere sanadoche mataaraate sosetanyaa yanegede miniseteere faqaade masetate naachawe .,0.0010650157928466797,,,,
000508_gtts_aug1.wav,Dataset_4.0h/audio/000508_gtts_aug1.wav,የአስተዳደር አካል በህዝብ ጥቅም ስም የግል ንብረትን ያለአግባብ ለመውረስ ከሞከረ ፍርድ ቤቱ ይህንን ውሳኔ የመቀልበስ ስልጣን አለው።,Unknown,Unknown,yaasetadaadare akaale bahezebe teqeme seme yagele neberatene yaalaagebaabe lamawerase kamokara ferede beetu yehenene wesaanee yamaqalebase seletaane alawe.,0.0009059906005859375,,,,
000427_mekdes.wav,Dataset_4.0h/audio/000427_mekdes.wav,በዚህ የጸረ ሙስና ስምምነት መሰረት አባል ሀገራቱ የህዝብ ሀብትን የሚያባክኑ እና በሙስና የተሰማሩ ግለሰቦችን ለህግ ለማቅረብ እና በውጭ ሀገር የተደበቀ ሀብትን ለማስመለስ እንዲሁም መረጃ ለመለዋወጥ የተስማሙ ሲሆን ይህም ግልጽነትን እና ተጠያቂነትን ለማስፈን ትልቅ ሚና ይጫወታል ።,Unknown,Unknown,bazihe yatsara musenaa sememenate masarate abaale hagaraatu yahezebe habetene yamiyaabaakenu enaa bamusenaa yatasamaaru gelasabochene lahege lamaaqerabe enaa baweche hagare yatadabaqa habetene lamaasemalase enedihume marajaa lamalawaawate yatasemaamu sihone yeheme geletsenatene enaa tatayaaqinatene lamaasefane teleqe minaa yechaawataale .,0.0015599727630615234,,,,
000454_mekdes.wav,Dataset_4.0h/audio/000454_mekdes.wav,የታክስ አስተዳደር አዋጅ ቁጥር ዘጠኝ መቶ ሰባ አምስት አንቀጽ ሁለት መቶ አራት አስር አራት እንደሚያመለክተው ማንኛውም ግብር ከፋይ የታክስ ባለስልጣኑ የሰጠውን የታክስ ውሳኔ በመቃወም ለከፍተኛ ፍርድ ቤት ይግባኝ ሲያቀርብ ፍርድ ቤቱ ጉዳዩን መርምሮ የመጨረሻ ውሳኔ እስኪሰጥ ድረስ ግብር ከፋዩ ግብሩን የመክፈል ግዴታው ለጊዜው ታግዶ ሊቆይ ይችላል ።,Unknown,Unknown,yataakese asetadaadare awaaje qutere zatanye mato sabaa amesete aneqatse hulate mato araate asere araate enedamiyaamalaketawe maanenyaaweme gebere kafaaye yataakese baalaseletaanu yasatawene yataakese wesaanee bamaqaawame lakafetanyaa ferede beete yegebaanye siyaaqarebe ferede beetu gudaayune maremero yamacharashaa wesaanee esekisate derase gebere kafaayu geberune yamakefale gedeetaawe lagizeewe taagedo liqoye yechelaale .,0.0018320083618164062,,,,
001012_mekdes_aug1.wav,Dataset_4.0h/audio/001012_mekdes_aug1.wav,የወጪ ንግድ ፈቃድ ማለት አንድ ኩባንያ ምርቶችን ከአገር ወደ ውጭ እንዲልክ የሚሰጠው ህጋዊ ፈቃድ ማለት ነው።,Unknown,Unknown,yawachi negede faqaade maalate anede kubaaneyaa meretochene kaagare wada weche enedileke yamisatawe hegaawi faqaade maalate nawe.,0.0005981922149658203,,,,
000366_ameha.wav,Dataset_4.0h/audio/000366_ameha.wav,የፍርድ ቤት ውሳኔ አፈጻጸም ወቅት ተበዳሪው መክፈል ያለበትን ገንዘብ ለመክፈል ፈቃደኛ ካልሆነ እና ንብረቶቹን ሁሉ ለሌላ ሰው አሳልፎ ከሰጠ ፍርድ ቤቱ የተበዳሪውን የጉዞ እገዳ ሊጥልበት ይችላል ይህም ተበዳሪው እዳውን ሳይከፍል ከሀገር እንዳይወጣ ለመከላከል የሚደረግ እርምጃ ሲሆን በተጨማሪም ተበዳሪው ንብረቶቹን መልሶ ለእዳ መክፈያነት እንዲያቀርብ ወይም በምትኩ በቂ ዋስትና እንዲሰጥ ተገዶ ሊታዘዝ ይችላል እንዲሁም ትእዛዙን ካልፈጸመ በፍርድ ቤት መናቅ ወንጀል ተከሶ እስከ ስድስት ወር በሚደርስ ቀላል እስራት ሊቀጣ ይችላል ።,Unknown,Unknown,yaferede beete wesaanee afatsaatsame waqete tabadaariwe makefale yaalabatene ganezabe lamakefale faqaadanyaa kaalehona enaa neberatochune hulu laleelaa sawe asaalefo kasata ferede beetu yatabadaariwene yaguzo egadaa litelebate yechelaale yeheme tabadaariwe edaawene saayekafele kahagare enedaayewataa lamakalaakale yamidarage eremejaa sihone batachamaarime tabadaariwe neberatochune maleso laedaa makefayaanate enediyaaqarebe wayeme bameteku baqi waasetenaa enedisate tagado litaazaze yechelaale enedihume teezaazune kaalefatsama baferede beete manaaqe wanejale takaso eseka sedesete ware bamidarese qalaale eseraate liqataa yechelaale .,0.0026307106018066406,,,,
000091_mekdes_aug1.wav,Dataset_4.0h/audio/000091_mekdes_aug1.wav,የንግድ መዝገብ መረጃዎች ለህዝብ ግልጽ መሆን ያለባቸው ሲሆን ማንኛውም ሰው ስለ አንድ ድርጅት ህጋዊነት ወይም ስለ ስራ አስኪያጁ ስልጣን ለማረጋገጥ መረጃውን የመጠየቅ መብት አለው ይህ አሰራር በንግድ ስራ ውስጥ ግልጽነትን ለመፍጠር ይረዳል ።,Unknown,Unknown,yanegede mazegabe marajaawoche lahezebe geletse mahone yaalabaachawe sihone maanenyaaweme sawe sela anede derejete hegaawinate wayeme sela seraa asekiyaaju seletaane lamaaragaagate marajaawene yamatayaqe mabete alawe yehe asaraare banegede seraa wesete geletsenatene lamafetare yeradaale .,0.0012028217315673828,,,,
000339_mekdes.wav,Dataset_4.0h/audio/000339_mekdes.wav,የአቃቤ ህግ ክስ በተከሳሹ ላይ የሞት ፍርድ የሚያስከትል ከሆነ ተከሳሹ የተለየ የህግ ጥበቃና የህግ ባለሙያ የማግኘት መብት ይኖረዋል።,Unknown,Unknown,yaaqaabee hege kese batakasaashu laaye yamote ferede yamiyaasekatele kahona takasaashu yatalaya yahege tebaqaanaa yahege baalamuyaa yamaagenyate mabete yenorawaale.,0.0007269382476806641,,,,
000897_mekdes.wav,Dataset_4.0h/audio/000897_mekdes.wav,አንድ የአስተዳደር አካል የህዝብን አገልግሎት ሲሰጥ ግልጽ፣ ቀልጣፋ፣ ፍትሃዊ እና ተደራሽ መሆን ያለበት ሲሆን ይህም መልካም አስተዳደር ነው።,Unknown,Unknown,"anede yaasetadaadare akaale yahezebene agalegelote sisate geletse, qaletaafaa, fetehaawi enaa tadaraashe mahone yaalabate sihone yeheme malekaame asetadaadare nawe.",0.0008208751678466797,,,,
000564_gtts.wav,Dataset_4.0h/audio/000564_gtts.wav,የመንግስት ሰራተኞች የህዝብን ጥቅም ለማስጠበቅ የተሾሙ በመሆናቸው ከግል ፍላጎት ነጻ ሆነው መስራት አለባቸው።,Unknown,Unknown,yamanegesete saraatanyoche yahezebene teqeme lamaasetabaqe yatashomu bamahonaachawe kagele felaagote natsaa honawe maseraate alabaachawe.,0.0006961822509765625,,,,
000345_ameha_aug1.wav,Dataset_4.0h/audio/000345_ameha_aug1.wav,የፍርድ ቤት ውሳኔ አፈጻጸም ወቅት ተቃውሞ ካጋጠመ ለምሳሌ ንብረቱ የሌላ ሰው ነው የሚል የሶስተኛ ወገን ጥያቄ ቢነሳ አፈጻጸሙ ለጊዜው እንዲቆም እና የንብረት ይገባኛል ክርክሩ ተለይቶ እንዲታይ ይደረጋል እንዲሁም ንብረቱ የሌላ ሰው መሆኑ ከተረጋገጠ እገዳው ተነስቶ ለባለቤቱ እንዲመለስ ፍርድ ቤቱ ትእዛዝ ይሰጣል ።,Unknown,Unknown,yaferede beete wesaanee afatsaatsame waqete taqaawemo kaagaatama lamesaalee neberatu yaleelaa sawe nawe yamile yasosetanyaa wagane teyaaqee binasaa afatsaatsamu lagizeewe enediqome enaa yaneberate yegabaanyaale kerekeru talayeto eneditaaye yedaragaale enedihume neberatu yaleelaa sawe mahonu kataragaagata egadaawe tanaseto labaalabeetu enedimalase ferede beetu teezaaze yesataale .,0.0016009807586669922,,,,
000776_ameha.wav,Dataset_4.0h/audio/000776_ameha.wav,የንብረት ግምት ተቃውሞ ሲቀርብ ፍርድ ቤቱ ተቃውሞውን ለመመርመር የገለልተኛ ባለሙያዎችን ቡድን ሊመድብ ይችላል እንዲሁም ቡድኑ ንብረቱን በአካል ተገኝቶ በማየት እና ያለበትን ሁኔታ በመገምገም አዲስ የዋጋ ተመን ለፍርድ ቤቱ ያቀርባል እንዲሁም የቀድሞው ግምት የተሳሳተ መሆኑ ከተረጋገጠ የቀድሞው ገማች በሙያ ስህተት ተጠያቂ ሊሆን እንደሚችል እና አዲሱ ግምት የመጨረሻ ውሳኔ ሆኖ እንደሚጸና ይታወቃል ።,Unknown,Unknown,yaneberate gemete taqaawemo siqarebe ferede beetu taqaawemowene lamamaremare yagalaletanyaa baalamuyaawochene budene limadebe yechelaale enedihume budenu neberatune baakaale taganyeto bamaayate enaa yaalabatene huneetaa bamagamegame adise yawaagaa tamane laferede beetu yaaqarebaale enedihume yaqademowe gemete yatasaasaata mahonu kataragaagata yaqademowe gamaache bamuyaa sehetate tatayaaqi lihone enedamichele enaa adisu gemete yamacharashaa wesaanee hono enedamitsanaa yetaawaqaale .,0.002148151397705078,,,,
000241_mekdes_aug1.wav,Dataset_4.0h/audio/000241_mekdes_aug1.wav,የአቃቤ ህግ ክርክር ሲያቀርብ የሚከተሉትን ነጥቦች ማረጋገጥ አለበት አንደኛ ወንጀሉ መፈጸሙን ሁለተኛ ወንጀሉን የተፈጸመው በተከሳሹ መሆኑን ሶስተኛ ወንጀሉን ለመፈጸም የጥፋተኝነት ሃሳብ እንደነበረ እና አራተኛ የተገኘው ማስረጃ ጠንካራ መሆኑን።,Unknown,Unknown,yaaqaabee hege kerekere siyaaqarebe yamikatalutene nateboche maaragaagate alabate anedanyaa wanejalu mafatsamune hulatanyaa wanejalune yatafatsamawe batakasaashu mahonune sosetanyaa wanejalune lamafatsame yatefaatanyenate haasaabe enedanabara enaa araatanyaa yataganyawe maaserajaa tanekaaraa mahonune.,0.0012569427490234375,,,,
000013_ameha_aug1.wav,Dataset_4.0h/audio/000013_ameha_aug1.wav,የአስተዳደር ህግ የህዝብ አስተዳደር አካላት ስልጣን ወሰኖችን ሲገልጽ የሚከተሉትን መርሆዎች ያካትታል አንደኛ የህግ የበላይነት መርህ ሁለተኛ የፍትሃዊነት መርህ ሶስተኛ የግልጽነት መርህ እና አራተኛ የተጠያቂነት መርህ።,Unknown,Unknown,yaasetadaadare hege yahezebe asetadaadare akaalaate seletaane wasanochene sigaletse yamikatalutene marehowoche yaakaatetaale anedanyaa yahege yabalaayenate marehe hulatanyaa yafetehaawinate marehe sosetanyaa yageletsenate marehe enaa araatanyaa yatatayaaqinate marehe.,0.001146078109741211,,,,
000315_mekdes_aug1.wav,Dataset_4.0h/audio/000315_mekdes_aug1.wav,አንድ መቶ ሃምሳ ሰባት። አንድ የአስተዳደር አካል ህገ ወጥ ውሳኔ ከሰጠ ተጎጂው አካል የገንዘብ ካሳ የመጠየቅ መብት ያለው ሲሆን ይህንንም በፍርድ ቤት ሊጠይቅ ይችላል።,Unknown,Unknown,anede mato haamesaa sabaate. anede yaasetadaadare akaale hega wate wesaanee kasata tagojiwe akaale yaganezabe kaasaa yamatayaqe mabete yaalawe sihone yeheneneme baferede beete litayeqe yechelaale.,0.0008208751678466797,,,,
000600_gtts_aug1.wav,Dataset_4.0h/audio/000600_gtts_aug1.wav,ማስረጃ ማለት አንድን ክርክር ለመደገፍ ወይም ለመቃወም በህጋዊ መንገድ የሚቀርብ መረጃ ሲሆን ይህም የሰነድ ወይም የቃል ሊሆን ይችላል።,Unknown,Unknown,maaserajaa maalate anedene kerekere lamadagafe wayeme lamaqaawame bahegaawi manegade yamiqarebe marajaa sihone yeheme yasanade wayeme yaqaale lihone yechelaale.,0.0006930828094482422,,,,
000387_mekdes.wav,Dataset_4.0h/audio/000387_mekdes.wav,የፈጠራ ባለቤትነት ማለት የአንድን ፈጠራ ብቸኛ መብት የሚያረጋግጥ ህጋዊ ሰነድ ማለት ነው።,Unknown,Unknown,yafataraa baalabeetenate maalate yaanedene fataraa bechanyaa mabete yamiyaaragaagete hegaawi sanade maalate nawe.,0.0005140304565429688,,,,
000273_ameha_aug1.wav,Dataset_4.0h/audio/000273_ameha_aug1.wav,የፍርድ ቤት ውሳኔ አፈጻጸም ወቅት ተበዳሪው መክፈል ያለበትን ገንዘብ ለመክፈል ፈቃደኛ ካልሆነ እና ንብረቶቹን ሁሉ ለሌላ ሰው አሳልፎ ከሰጠ ፍርድ ቤቱ የተበዳሪውን የጉዞ እገዳ ሊጥልበት ይችላል ይህም ተበዳሪው እዳውን ሳይከፍል ከሀገር እንዳይወጣ ለመከላከል የሚደረግ እርምጃ ሲሆን በተጨማሪም ተበዳሪው ንብረቶቹን መልሶ ለእዳ መክፈያነት እንዲያቀርብ ወይም በምትኩ በቂ ዋስትና እንዲሰጥ ተገዶ ሊታዘዝ ይችላል እንዲሁም ትእዛዙን ካልፈጸመ በፍርድ ቤት መናቅ ወንጀል ተከሶ እስከ ስድስት ወር በሚደርስ ቀላል እስራት ሊቀጣ ይችላል እንዲሁም ተበዳሪው ንብረቱን የሸሸገው ወይም በሀሰት ለሌላ ሰው ያዛወረው መሆኑ ከተረጋገጠ ዝውውሩ ተሰርዞ ንብረቱ እንዲወረስ እና ድርጊቱን የፈጸሙ ግብረ አበሮችም በህግ እንዲጠየቁ ይደረጋል እንዲሁም ተበዳሪው በውሳኔው መሰረት ክፍያውን መፈጸም የማይችል መሆኑን በበቂ ማስረጃ ካስረዳ ፍርድ ቤቱ ክፍያውን በየጊዜው እንዲከፍል ሊፈቅድለት ይችላል ነገር ግን ይህ ፈቃድ የሚሰጠው ተበዳሪው እውነተኛ ሀሳብ ያለው መሆኑ ሲረጋገጥ ብቻ ነው ።,Unknown,Unknown,yaferede beete wesaanee afatsaatsame waqete tabadaariwe makefale yaalabatene ganezabe lamakefale faqaadanyaa kaalehona enaa neberatochune hulu laleelaa sawe asaalefo kasata ferede beetu yatabadaariwene yaguzo egadaa litelebate yechelaale yeheme tabadaariwe edaawene saayekafele kahagare enedaayewataa lamakalaakale yamidarage eremejaa sihone batachamaarime tabadaariwe neberatochune maleso laedaa makefayaanate enediyaaqarebe wayeme bameteku baqi waasetenaa enedisate tagado litaazaze yechelaale enedihume teezaazune kaalefatsama baferede beete manaaqe wanejale takaso eseka sedesete ware bamidarese qalaale eseraate liqataa yechelaale enedihume tabadaariwe neberatune yashashagawe wayeme bahasate laleelaa sawe yaazaawarawe mahonu kataragaagata zeweweru tasarezo neberatu enediwarase enaa deregitune yafatsamu gebera abarocheme bahege eneditayaqu yedaragaale enedihume tabadaariwe bawesaaneewe masarate kefeyaawene mafatsame yamaayechele mahonune babaqi maaserajaa kaaseradaa ferede beetu kefeyaawene bayagizeewe enedikafele lifaqedelate yechelaale nagare gene yehe faqaade yamisatawe tabadaariwe ewenatanyaa hasaabe yaalawe mahonu siragaagate bechaa nawe .,0.005029201507568359,,,,
000166_ameha.wav,Dataset_4.0h/audio/000166_ameha.wav,የአስተዳደር ህግ የህዝብ አስተዳደር አካላት ሃላፊነትን እና ስልጣንን በአዋጅ ቁጥር ዘጠኝ መቶ ስልሳ ዘጠኝ አንቀጽ አስራ ሁለት መሰረት ይደነግጋል።,Unknown,Unknown,yaasetadaadare hege yahezebe asetadaadare akaalaate haalaafinatene enaa seletaanene baawaaje qutere zatanye mato selesaa zatanye aneqatse aseraa hulate masarate yedanagegaale.,0.0008037090301513672,,,,
000840_gtts_aug1.wav,Dataset_4.0h/audio/000840_gtts_aug1.wav,በወንጀል ህግ አንቀጽ አምስት መቶ አስር መሰረት በህገ ወጥ መንገድ የመሬት ወረራ መፈጸም ወይም የመንግስትን መሬት ለግል ጥቅም ማዋል በህግ የሚያስቀጣ ወንጀል ሲሆን ተከሳሹ በመሬቱ ላይ የገነባቸው ቤቶች እንዲፈርሱ ከመደረጉም በላይ ለደረሰው ጉዳት ካሳ እንዲከፍል እና በእስራት እንዲቀጣ ፍርድ ቤቱ ይወስናል ።,Unknown,Unknown,bawanejale hege aneqatse amesete mato asere masarate bahega wate manegade yamareete wararaa mafatsame wayeme yamanegesetene mareete lagele teqeme maawaale bahege yamiyaaseqataa wanejale sihone takasaashu bamareetu laaye yaganabaachawe beetoche enedifaresu kamadaragume balaaye ladarasawe gudaate kaasaa enedikafele enaa baeseraate enediqataa ferede beetu yewasenaale .,0.0015108585357666016,,,,
000020_mekdes.wav,Dataset_4.0h/audio/000020_mekdes.wav,ሁለት መቶ ሰባ ስምንት። የዜጎች የንብረት ባለቤትነት መብት በህገ መንግስቱ የተጠበቀ ሲሆን በህግ ሊወሰድ የሚችለው ለህዝብ ጥቅም እና በቂ ካሳ ከተከፈለ በኋላ ብቻ ነው።,Unknown,Unknown,hulate mato sabaa semenete. yazeegoche yaneberate baalabeetenate mabete bahega manegesetu yatatabaqa sihone bahege liwasade yamichelawe lahezebe teqeme enaa baqi kaasaa katakafala baxwaalaa bechaa nawe.,0.00086212158203125,,,,
000646_gtts_aug1.wav,Dataset_4.0h/audio/000646_gtts_aug1.wav,የክልል ፍርድ ቤቶች በክልሉ ውስጥ ለሚፈጸሙ የክልል ህግ ጥሰቶች የዳኝነት ስልጣን ያላቸው ሲሆን የፌደራል ፍርድ ቤቶች ደግሞ በሀገር አቀፍ ደረጃ የሚወጡ ህጎችን ወይም በፌደራል ተቋማት ላይ የሚፈጸሙ የወንጀል ድርጊቶችን የማየት እና የመወሰን ስልጣን እንዳላቸው በህጉ ተለይትዋል ።,Unknown,Unknown,yakelele ferede beetoche bakelelu wesete lamifatsamu yakelele hege tesatoche yadaanyenate seletaane yaalaachawe sihone yafeedaraale ferede beetoche dagemo bahagare aqafe darajaa yamiwatu hegochene wayeme bafeedaraale taqwaamaate laaye yamifatsamu yawanejale deregitochene yamaayate enaa yamawasane seletaane enedaalaachawe bahegu talayetewaale .,0.0014319419860839844,,,,
000818_ameha.wav,Dataset_4.0h/audio/000818_ameha.wav,የህግ የበላይነት የህዝብን ስምሪት እና የፍትህ አስተዳደርን ለማሻሻል መሰረታዊ መሳሪያ ነው።,Unknown,Unknown,yahege yabalaayenate yahezebene semerite enaa yafetehe asetadaadarene lamaashaashaale masarataawi masaariyaa nawe.,0.0005228519439697266,,,,
000484_ameha_aug1.wav,Dataset_4.0h/audio/000484_ameha_aug1.wav,ይህ አዋጅ እንደሚያረጋግጠው የመንግስት ሀብቶች በአግባቡ እና በግልጽነት ጥቅም ላይ መዋል አለባቸው።,Unknown,Unknown,yehe awaaje enedamiyaaragaagetawe yamanegesete habetoche baagebaabu enaa bageletsenate teqeme laaye mawaale alabaachawe.,0.0005528926849365234,,,,
001022_ameha.wav,Dataset_4.0h/audio/001022_ameha.wav,አንድ ባለስልጣን በህዝብ ግዥ ሂደት ውስጥ ያለአግባብ ስልጣኑን በመጠቀም ለአንድ ተወዳዳሪ ጥቅም ከሰጠ እና ይህ ድርጊት በኦዲት ከተረጋገጠ በሙስና ወንጀል ተከሶ ከስራው ሊሰናበት ይችላል።,Unknown,Unknown,anede baalaseletaane bahezebe gezhe hidate wesete yaalaagebaabe seletaanune bamataqame laanede tawadaadaari teqeme kasata enaa yehe deregite baodite kataragaagata bamusenaa wanejale takaso kaseraawe lisanaabate yechelaale.,0.0010688304901123047,,,,
000504_ameha_aug1.wav,Dataset_4.0h/audio/000504_ameha_aug1.wav,የባለእዳው ንብረት የዋስትና መያዣ ከሆነ አበዳሪው ከመውረስ በፊት ሰላሳ የስራ ቀናት ማሳወቂያ መስጠት አለበት።,Unknown,Unknown,yabaalaedaawe neberate yawaasetenaa mayaazhaa kahona abadaariwe kamawerase bafite salaasaa yaseraa qanaate maasaawaqiyaa masetate alabate.,0.0006051063537597656,,,,
000831_gtts.wav,Dataset_4.0h/audio/000831_gtts.wav,የወንጀል ድርጊት ሰለባ የሆኑ ሰዎች የመንግስት የህግ ድጋፍ የማግኘት መብት ያላቸው ሲሆን በተለይም በጾታ ጥቃት እና በህጻናት ላይ የሚፈጸሙ ወንጀሎች ተጎጂዎች ልዩ የሆነ የህክምና እና የስነ ልቦና ድጋፍ እንዲሁም ነጻ የህግ ምክር እንዲያገኙ መንግስት ምቹ ሁኔታዎችን ማመቻቸት ይኖርበታል ።,Unknown,Unknown,yawanejale deregite salabaa yahonu sawoche yamanegesete yahege degaafe yamaagenyate mabete yaalaachawe sihone batalayeme batsotaa teqaate enaa bahetsaanaate laaye yamifatsamu wanejaloche tagojiwoche leyu yahona yahekemenaa enaa yasena lebonaa degaafe enedihume natsaa yahege mekere enediyaaganyu manegesete mechu huneetaawochene maamachaachate yenorebataale .,0.0014879703521728516,,,,
000243_ameha_aug1.wav,Dataset_4.0h/audio/000243_ameha_aug1.wav,የህገመንግስት ማሻሻያ ሂደት እጅግ በጣም ጥብቅ የሆኑ ህገመንግስታዊ መስፈርቶችን የሚያምዋላ መሆን አለበት የሚለው መሰረታዊ መርህ ነው።,Unknown,Unknown,yahegamanegesete maashaashaayaa hidate ejege bataame tebeqe yahonu hegamanegesetaawi masefaretochene yamiyaamewaalaa mahone alabate yamilawe masarataawi marehe nawe.,0.0007469654083251953,,,,
000566_ameha.wav,Dataset_4.0h/audio/000566_ameha.wav,የአለም አቀፍ የባህር ህግ ስምምነት የሚከተሉትን የባህር ክልሎች ይለያል አንደኛ የሀገር ውስጥ ውሃዎች ሁለተኛ የግዛት ባህር ሶስተኛ ተጎራባች ዞን አራተኛ ልዩ የኢኮኖሚ ቀጠና እና አምስተኛ ከፍተኛ ባህር ሲሆኑ እያንዳንዳቸው የየራሳቸው የህግ ድንጋጌዎች እና የሀገራት መብቶች አልዋቸው ።,Unknown,Unknown,yaalame aqafe yabaahere hege sememenate yamikatalutene yabaahere keleloche yelayaale anedanyaa yahagare wesete wehaawoche hulatanyaa yagezaate baahere sosetanyaa tagoraabaache zone araatanyaa leyu yaikonomi qatanaa enaa amesetanyaa kafetanyaa baahere sihonu eyaanedaanedaachawe yayaraasaachawe yahege denegaageewoche enaa yahagaraate mabetoche alewaachawe .,0.0014438629150390625,,,,
000875_ameha.wav,Dataset_4.0h/audio/000875_ameha.wav,የፍርድ ቤት ውሳኔ አፈጻጸም ሂደት ውስጥ ተበዳሪው መክፈል ያለበትን ገንዘብ ለመክፈል ፈቃደኛ ካልሆነ እና ንብረቶቹን ሁሉ ለሌላ ሰው አሳልፎ ከሰጠ ፍርድ ቤቱ የተበዳሪውን የጉዞ እገዳ ሊጥልበት ይችላል ይህም ተበዳሪው እዳውን ሳይከፍል ከሀገር እንዳይወጣ ለመከላከል የሚደረግ እርምጃ ሲሆን በተጨማሪም ተበዳሪው ንብረቶቹን መልሶ ለእዳ መክፈያነት እንዲያቀርብ ወይም በምትኩ በቂ ዋስትና እንዲሰጥ ተገዶ ሊታዘዝ ይችላል እንዲሁም ትእዛዙን ካልፈጸመ በፍርድ ቤት መናቅ ወንጀል ተከሶ እስከ ስድስት ወር በሚደርስ ቀላል እስራት ሊቀጣ ይችላል እንዲሁም ተበዳሪው ንብረቱን የሸሸገው ወይም በሀሰት ለሌላ ሰው ያዛወረው መሆኑ ከተረጋገጠ ዝውውሩ ተሰርዞ ንብረቱ እንዲወረስ ይደረጋል ።,Unknown,Unknown,yaferede beete wesaanee afatsaatsame hidate wesete tabadaariwe makefale yaalabatene ganezabe lamakefale faqaadanyaa kaalehona enaa neberatochune hulu laleelaa sawe asaalefo kasata ferede beetu yatabadaariwene yaguzo egadaa litelebate yechelaale yeheme tabadaariwe edaawene saayekafele kahagare enedaayewataa lamakalaakale yamidarage eremejaa sihone batachamaarime tabadaariwe neberatochune maleso laedaa makefayaanate enediyaaqarebe wayeme bameteku baqi waasetenaa enedisate tagado litaazaze yechelaale enedihume teezaazune kaalefatsama baferede beete manaaqe wanejale takaso eseka sedesete ware bamidarese qalaale eseraate liqataa yechelaale enedihume tabadaariwe neberatune yashashagawe wayeme bahasate laleelaa sawe yaazaawarawe mahonu kataragaagata zeweweru tasarezo neberatu enediwarase yedaragaale .,0.0032019615173339844,,,,
000562_mekdes.wav,Dataset_4.0h/audio/000562_mekdes.wav,የአስተዳደር መመሪያ ቁጥር ሰባት መቶ ሰማንያ ዘጠኝ እንደሚያሳየው ማንኛውም የመንግስት መስሪያ ቤት የውስጥ አሰራሩን የሚገልጽ ማንዋል ማዘጋጀት እና ለሰራተኞቹ ማሳወቅ እንዳለበት ይደነግጋል ።,Unknown,Unknown,yaasetadaadare mamariyaa qutere sabaate mato samaaneyaa zatanye enedamiyaasaayawe maanenyaaweme yamanegesete maseriyaa beete yawesete asaraarune yamigaletse maanewaale maazagaajate enaa lasaraatanyochu maasaawaqe enedaalabate yedanagegaale .,0.0010039806365966797,,,,
000993_ameha.wav,Dataset_4.0h/audio/000993_ameha.wav,የቁጥጥር አካል ማለት በአንድ የተወሰነ ዘርፍ ህግን የማስፈጸም ስልጣን ያለው እና የህዝብን ጥቅም ለመጠበቅ የሚሰራ የመንግስት ተቋም ነው።,Unknown,Unknown,yaqutetere akaale maalate baanede yatawasana zarefe hegene yamaasefatsame seletaane yaalawe enaa yahezebene teqeme lamatabaqe yamisaraa yamanegesete taqwaame nawe.,0.0008349418640136719,,,,
000686_mekdes_aug1.wav,Dataset_4.0h/audio/000686_mekdes_aug1.wav,የህግ ድጋፍ ማለት ለፍርድ ቤት የመቅረብ አቅም ለሌላቸው ወይም የህግ እውቀት ለሌላቸው ግለሰቦች በመንግስት ወይም በበጎ አድራጎት ድርጅቶች የሚሰጥ የጠበቃ አገልግሎት ነው።,Unknown,Unknown,yahege degaafe maalate laferede beete yamaqerabe aqeme laleelaachawe wayeme yahege eweqate laleelaachawe gelasaboche bamanegesete wayeme babago aderaagote derejetoche yamisate yatabaqaa agalegelote nawe.,0.0009558200836181641,,,,
000957_mekdes.wav,Dataset_4.0h/audio/000957_mekdes.wav,ፍርድ ቤቱ አንድን ክስ ውድቅ ሊያደርገው የሚችለው ክሱ በህግ ተቀባይነት የሌለው መሆኑ ሲረጋገጥ ወይም ከሳሹ ደጋግሞ በቀጠሮው ቀን ሳይቀርብ ሲቀር ወይም የቀረበው ክስ ምንም አይነት የህግ መሰረት የሌለው መሆኑን ዳኛው ሲረዳ ብቻ ነው ።,Unknown,Unknown,ferede beetu anedene kese wedeqe liyaadaregawe yamichelawe kesu bahege taqabaayenate yaleelawe mahonu siragaagate wayeme kasaashu dagaagemo baqatarowe qane saayeqarebe siqare wayeme yaqarabawe kese meneme ayenate yahege masarate yaleelawe mahonune daanyaawe siradaa bechaa nawe .,0.0012011528015136719,,,,
000189_mekdes_aug1.wav,Dataset_4.0h/audio/000189_mekdes_aug1.wav,የአቃቤ ህግ ምርመራ ቡድን ማንኛውንም የግል ንብረት ለመበርበር ከፈለገ አስቀድሞ ከፍርድ ቤት ህጋዊ ማዘዣ ማግኘት አለበት።,Unknown,Unknown,yaaqaabee hege meremaraa budene maanenyaaweneme yagele neberate lamabarebare kafalaga aseqademo kaferede beete hegaawi maazazhaa maagenyate alabate.,0.0006482601165771484,,,,
000782_ameha_aug1.wav,Dataset_4.0h/audio/000782_ameha_aug1.wav,በስራ ቦታ የጤናና ደህንነት ጥበቃ የሚደረገው በህጉ በተደነገጉት መስፈርቶች መሰረት ሲሆን ጥሰቱ ከባድ ቅጣትን ያስከትላል።,Unknown,Unknown,baseraa botaa yateenaanaa dahenenate tebaqaa yamidaragawe bahegu batadanagagute masefaretoche masarate sihone tesatu kabaade qetaatene yaasekatelaale.,0.0006589889526367188,,,,
000975_mekdes_aug1.wav,Dataset_4.0h/audio/000975_mekdes_aug1.wav,የግብር ይግባኝ ሰሚ ጉባኤ የቀረበለትን አቤቱታ ተቀብሎ ውሳኔ ከመስጠቱ በፊት ግብር ከፋዩ መክፈል ያለበትን የግብር መጠን ሃምሳ በመቶ ማስያዝ እንዳለበት ህጉ ያስገድዳል ።,Unknown,Unknown,yagebere yegebaanye sami gubaaee yaqarabalatene abeetutaa taqabelo wesaanee kamasetatu bafite gebere kafaayu makefale yaalabatene yagebere matane haamesaa bamato maaseyaaze enedaalabate hegu yaasegadedaale .,0.0008580684661865234,,,,
000699_ameha.wav,Dataset_4.0h/audio/000699_ameha.wav,አንድ የመንግስት ግዥ ስነስርአት በአዋጅ ቁጥር አስር ሺህ ሶስት መቶ ሃያ ሁለት አንቀጽ አስራ ሁለት መሰረት ግልጽነትን ማረጋገጥ አለበት።,Unknown,Unknown,anede yamanegesete gezhe senasereate baawaaje qutere asere shihe sosete mato haayaa hulate aneqatse aseraa hulate masarate geletsenatene maaragaagate alabate.,0.0007059574127197266,,,,
000475_ameha.wav,Dataset_4.0h/audio/000475_ameha.wav,በሁለት መንግስታት መካከል የሚደረግ የድንበር ስምምነት ውጤታማ እንዲሆን እና በህግ ፊት ጸንቶ እንዲቆይ ከተፈለገ ስምምነቱ በሁለቱም ሀገራት ይፋዊ ጋዜጣ ላይ ታትሞ መውጣት ያለበት ሲሆን ይህም ሂደት ከተጠናቀቀ በኋላ በሰላሳ ቀናት ውስጥ ለአለም አቀፍ ድርጅት መመዝገብ እንዳለበት በግልጽ ተቀምጥዋል ።,Unknown,Unknown,bahulate manegesetaate makaakale yamidarage yadenebare sememenate weteetaamaa enedihone enaa bahege fite tsaneto enediqoye katafalaga sememenatu bahulatume hagaraate yefaawi gaazeetaa laaye taatemo mawetaate yaalabate sihone yeheme hidate katatanaaqaqa baxwaalaa basalaasaa qanaate wesete laalame aqafe derejete mamazegabe enedaalabate bageletse taqametewaale .,0.0016100406646728516,,,,
000681_ameha_aug1.wav,Dataset_4.0h/audio/000681_ameha_aug1.wav,የወንጀል ድርጊት ተሳታፊ የነበረ ሰው በምርመራ ወቅት እውነቱን በመናገር እና ሌሎች ተባባሪዎችን በመጠቆም ለፍትህ መሳካት አስተዋጽኦ ካደረገ አቃቤ ህግ ቅጣቱ እንዲቀልለት ወይም ክሱ እንዲቋረጥለት ለፍርድ ቤት ማመልከቻ ሊያቀርብ ይችላል ይህም አሰራር በተለይ በተደራጁ ወንጀሎች እና በሙስና መዝገቦች ላይ ውጤታማ መሆኑ የታወቀ ሲሆን ሆኖም ግን ግለሰቡ የሰጠው መረጃ ትክክለኛ መሆኑ በሌሎች ማስረጃዎች መረጋገጥ ያለበት እና በሀሰት ሰውን ለመጉዳት የታሰበ መሆን እንደሌለበት ጥብቅ ቁጥጥር ይደረጋል ።,Unknown,Unknown,yawanejale deregite tasaataafi yanabara sawe bameremaraa waqete ewenatune bamanaagare enaa leeloche tabaabaariwochene bamataqome lafetehe masaakaate asetawaatseo kaadaraga aqaabee hege qetaatu enediqalelate wayeme kesu enediqwaaratelate laferede beete maamalekachaa liyaaqarebe yechelaale yeheme asaraare batalaye batadaraaju wanejaloche enaa bamusenaa mazegaboche laaye weteetaamaa mahonu yataawaqa sihone honome gene gelasabu yasatawe marajaa tekekelanyaa mahonu baleeloche maaserajaawoche maragaagate yaalabate enaa bahasate sawene lamagudaate yataasaba mahone enedaleelabate tebeqe qutetere yedaragaale .,0.002460002899169922,,,,
000510_mekdes_aug1.wav,Dataset_4.0h/audio/000510_mekdes_aug1.wav,የመሬት ይዞታን ለኢንቨስትመንት የሚረከብ ድርጅት በውሉ ላይ በተቀመጠው ጊዜ ውስጥ ግንባታ ካልጀመረ መሬቱ ተመላሽ የሚደረግ ሲሆን የከፈለው ቅድመ ክፍያም ሊወረስ ይችላል ።,Unknown,Unknown,yamareete yezotaane lainevasetemanete yamirakabe derejete bawelu laaye bataqamatawe gizee wesete genebaataa kaalejamara mareetu tamalaashe yamidarage sihone yakafalawe qedema kefeyaame liwarase yechelaale .,0.0010058879852294922,,,,
000058_mekdes.wav,Dataset_4.0h/audio/000058_mekdes.wav,የታክስ አስተዳደር አዋጅ ቁጥር ዘጠኝ መቶ ሰባ አምስት አንቀጽ ስድሳ አምስት አስር አንድ እንደሚደነግገው ማንኛውም ግብር ከፋይ የታክስ ባለስልጣኑ የሚሰጠውን የታክስ ማሳወቂያ ደብዳቤ አላግባብ ነው ብሎ ካመነ በሰላሳ ቀናት ውስጥ በጽሁፍ ቅሬታውን የማቅረብ መብት ያለው ሲሆን ባለስልጣኑም ለቅሬታው ምላሽ የመስጠት ግዴታ እንዳለበት ይታወቃል ።,Unknown,Unknown,yataakese asetadaadare awaaje qutere zatanye mato sabaa amesete aneqatse sedesaa amesete asere anede enedamidanagegawe maanenyaaweme gebere kafaaye yataakese baalaseletaanu yamisatawene yataakese maasaawaqiyaa dabedaabee alaagebaabe nawe belo kaamana basalaasaa qanaate wesete batsehufe qereetaawene yamaaqerabe mabete yaalawe sihone baalaseletaanume laqereetaawe melaashe yamasetate gedeetaa enedaalabate yetaawaqaale .,0.0017321109771728516,,,,
000474_ameha_aug1.wav,Dataset_4.0h/audio/000474_ameha_aug1.wav,የውል መሰረዝ በፍርድ ቤት ትእዛዝ በህጉ አንቀጽ አራት መቶ አርባ ሶስት መሰረት ይፈጸማል።,Unknown,Unknown,yawele masaraze baferede beete teezaaze bahegu aneqatse araate mato arebaa sosete masarate yefatsamaale.,0.0004899501800537109,,,,
000560_ameha.wav,Dataset_4.0h/audio/000560_ameha.wav,የመሬት ይዞታ መብት የሚገኘው በመንግስት ከተሰጠ የመሬት ካርታ ወይም የይዞታ ሰነድ ሲሆን ይህ ሰነድ የመሬቱን ወሰን እና የባለቤቱን መብቶች በግልጽ ያስቀምጣል።,Unknown,Unknown,yamareete yezotaa mabete yamiganyawe bamanegesete katasata yamareete kaaretaa wayeme yayezotaa sanade sihone yehe sanade yamareetune wasane enaa yabaalabeetune mabetoche bageletse yaaseqametaale.,0.0008637905120849609,,,,
000856_ameha.wav,Dataset_4.0h/audio/000856_ameha.wav,የገንዘብ ፖሊሲ መሳሪያዎች የሚከተሉትን ያካትታሉ አንደኛ የወለድ ምጣኔ ቁጥጥር ሁለተኛ የገንዘብ አቅርቦት ቁጥጥር ሶስተኛ የባንኮች ክምችት ምጣኔ ማስተካከያ እና አራተኛ የውጭ ምንዛሪ ቁጥጥር ናቸው።,Unknown,Unknown,yaganezabe polisi masaariyaawoche yamikatalutene yaakaatetaalu anedanyaa yawalade metaanee qutetere hulatanyaa yaganezabe aqerebote qutetere sosetanyaa yabaanekoche kemechete metaanee maasetakaakayaa enaa araatanyaa yaweche menezaari qutetere naachawe.,0.0010738372802734375,,,,
000747_mekdes_aug1.wav,Dataset_4.0h/audio/000747_mekdes_aug1.wav,የምስክርነት ጥበቃ ማለት በፍርድ ቤት ምስክርነት የሚሰጡ ሰዎች ከማንኛውም የበቀል እርምጃ ወይም ማስፈራሪያ እንዲጠበቁ የሚደረግ የመንግስት ድጋፍ ነው።,Unknown,Unknown,yamesekerenate tebaqaa maalate baferede beete mesekerenate yamisatu sawoche kamaanenyaaweme yabaqale eremejaa wayeme maasefaraariyaa eneditabaqu yamidarage yamanegesete degaafe nawe.,0.0008800029754638672,,,,
000252_mekdes.wav,Dataset_4.0h/audio/000252_mekdes.wav,ሰራተኛው ለአሰሪው በሰጠው አገልግሎት ምክንያት የሚከፈለው የትርፍ ሰአት ክፍያ የሚሰላው በመደበኛ የስራ ሰአት ከሚከፈለው ደመወዝ ላይ ተመስርቶ ሲሆን ይህም ክፍያ በሳምንት ከሃያ ሰአት መብለጥ እንደሌለበት እና በበአላት ቀናት የሚሰራ ስራ ደግሞ እጥፍ ክፍያ እንደሚኖረው ተመልክትዋል ።,Unknown,Unknown,saraatanyaawe laasariwe basatawe agalegelote mekeneyaate yamikafalawe yaterefe saate kefeyaa yamisalaawe bamadabanyaa yaseraa saate kamikafalawe damawaze laaye tamasereto sihone yeheme kefeyaa basaamenete kahaayaa saate mabelate enedaleelabate enaa babaalaate qanaate yamisaraa seraa dagemo etefe kefeyaa enedaminorawe tamaleketewaale .,0.0013580322265625,,,,
000021_mekdes_aug1.wav,Dataset_4.0h/audio/000021_mekdes_aug1.wav,ሁለት መቶ ሰባ ስምንት። የዜጎች የንብረት ባለቤትነት መብት በህገ መንግስቱ የተጠበቀ ሲሆን በህግ ሊወሰድ የሚችለው ለህዝብ ጥቅም እና በቂ ካሳ ከተከፈለ በኋላ ብቻ ነው።,Unknown,Unknown,hulate mato sabaa semenete. yazeegoche yaneberate baalabeetenate mabete bahega manegesetu yatatabaqa sihone bahege liwasade yamichelawe lahezebe teqeme enaa baqi kaasaa katakafala baxwaalaa bechaa nawe.,0.0008549690246582031,,,,
000313_mekdes_aug1.wav,Dataset_4.0h/audio/000313_mekdes_aug1.wav,የሽያጭ ክፍያ ማለት በሽያጭ ውል መሰረት የሚከፈለው አጠቃላይ ገንዘብ ማለት ነው።,Unknown,Unknown,yasheyaache kefeyaa maalate basheyaache wele masarate yamikafalawe ataqaalaaye ganezabe maalate nawe.,0.00047278404235839844,,,,
000459_gtts.wav,Dataset_4.0h/audio/000459_gtts.wav,የባንክ ብድር ውል ስምምነት በሚፈረምበት ወቅት ተበዳሪው የመያዣ ንብረቱን በትክክል ካላስመዘገበ እና የብድር መክፈያ ጊዜው ካለፈ በኋላ ንብረቱን ለመሸጥ እንቅፋት ከፈጠረ ባንኩ በፍርድ ቤት በኩል ንብረቱን እንዲታገድ የመጠየቅ መብት አለው ።,Unknown,Unknown,yabaaneke bedere wele sememenate bamifaramebate waqete tabadaariwe yamayaazhaa neberatune batekekele kaalaasemazagaba enaa yabedere makefayaa gizeewe kaalafa baxwaalaa neberatune lamashate eneqefaate kafatara baaneku baferede beete bakule neberatune eneditaagade yamatayaqe mabete alawe .,0.0011608600616455078,,,,
000160_mekdes.wav,Dataset_4.0h/audio/000160_mekdes.wav,አንድ መቶ ዘጠና አራት። የፌዴራል መንግስት የውጭ ጉዳይ እና የብሄራዊ መከላከያ ስልጣን ያለው ሲሆን ክልሎች የራሳቸውን የውጭ ጉዳይ መምሪያ ማቋቋም አይችሉም።,Unknown,Unknown,anede mato zatanaa araate. yafeedeeraale manegesete yaweche gudaaye enaa yabeheeraawi makalaakayaa seletaane yaalawe sihone keleloche yaraasaachawene yaweche gudaaye mameriyaa maaqwaaqwaame ayechelume.,0.001096963882446289,,,,
000276_mekdes.wav,Dataset_4.0h/audio/000276_mekdes.wav,የመድን ሰጪው ግዴታዎች ጉዳት ሲደርስ የካሳ ክፍያውን በውሉ መሰረት መክፈል እና ለተጠቃሚው ስለ ኢንሹራንስ ፖሊሲው ግልጽ መረጃ መስጠት ሲሆኑ እነዚህን ግዴታዎች ሳይወጣ ቢቀር ለሚደርሰው መዘግየት ወለድ እንዲከፍል ይገደዳል ።,Unknown,Unknown,yamadene sachiwe gedeetaawoche gudaate sidarese yakaasaa kefeyaawene bawelu masarate makefale enaa latataqaamiwe sela ineshuraanese polisiwe geletse marajaa masetate sihonu enazihene gedeetaawoche saayewataa biqare lamidaresawe mazageyate walade enedikafele yegadadaale .,0.0011670589447021484,,,,
000955_ameha.wav,Dataset_4.0h/audio/000955_ameha.wav,የአስተዳደር ውሳኔዎች ፍትሃዊነት በአዋጅ ቁጥር ዘጠኝ መቶ ሃያ ስምንት አንቀጽ ሰላሳ ስድስት መሰረት ሊገመገም ይችላል።,Unknown,Unknown,yaasetadaadare wesaaneewoche fetehaawinate baawaaje qutere zatanye mato haayaa semenete aneqatse salaasaa sedesete masarate ligamagame yechelaale.,0.0007700920104980469,,,,
000191_ameha_aug1.wav,Dataset_4.0h/audio/000191_ameha_aug1.wav,የጋራ ንብረት ክፍፍል የሚደረገው በትዳር ወቅት የተፈራው ሀብት በሁለቱም ስም የተመዘገበ ቢሆንም ባይሆንም እኩል እንዲካፈሉ በሚያዘው የቤተሰብ ህግ መሰረት ሲሆን ሆኖም ግን አንደኛው ወገን ንብረቱን ከጋብቻ በፊት ማግኘቱን ካስረዳ ያ ንብረት በክፍፍሉ ውስጥ አይካተትም ።,Unknown,Unknown,yagaaraa neberate kefefele yamidaragawe batedaare waqete yatafaraawe habete bahulatume seme yatamazagaba bihoneme baayehoneme ekule enedikaafalu bamiyaazawe yabeetasabe hege masarate sihone honome gene anedanyaawe wagane neberatune kagaabechaa bafite maagenyatune kaaseradaa yaa neberate bakefefelu wesete ayekaatateme .,0.0013146400451660156,,,,
000385_ameha.wav,Dataset_4.0h/audio/000385_ameha.wav,በቤተሰብ ህግ መሰረት የተሰጠ የልጆች የመጎብኘት መብት በህግ የተጠበቀ ሲሆን ማንኛውም ጥሰት የህግ እርምጃን ያስከትላል።,Unknown,Unknown,babeetasabe hege masarate yatasata yalejoche yamagobenyate mabete bahege yatatabaqa sihone maanenyaaweme tesate yahege eremejaane yaasekatelaale.,0.0006573200225830078,,,,
000805_ameha_aug1.wav,Dataset_4.0h/audio/000805_ameha_aug1.wav,የግንባታ ፍቃድ ለማግኘት አራት መሰረታዊ መስፈርቶች አሉ እነርሱም የባለቤትነት ማረጋገጫ የህንጻ እቅድ የአካባቢ ጥበቃ ፍቃድ እና የሶስት የግንባታ ምህንድስና ሰርተፊኬቶች ናቸው።,Unknown,Unknown,yagenebaataa feqaade lamaagenyate araate masarataawi masefaretoche alu enaresume yabaalabeetenate maaragaagachaa yahenetsaa eqede yaakaabaabi tebaqaa feqaade enaa yasosete yagenebaataa mehenedesenaa saretafikeetoche naachawe.,0.0009353160858154297,,,,
000413_ameha.wav,Dataset_4.0h/audio/000413_ameha.wav,የሰራተኛ ማህበር የስራ ሁኔታዎችን የሚመለከት ቅሬታ ካለው ቅሬታውን በአስር ቀናት ውስጥ ለአሰሪው የማቅረብ ግዴታ አለበት።,Unknown,Unknown,yasaraatanyaa maahebare yaseraa huneetaawochene yamimalakate qereetaa kaalawe qereetaawene baasere qanaate wesete laasariwe yamaaqerabe gedeetaa alabate.,0.0006668567657470703,,,,
000491_mekdes.wav,Dataset_4.0h/audio/000491_mekdes.wav,ማንኛውም የአስተዳደር አካል ተግባሩን ሲያከናውን ህግን የሚጥስ ወይም ስልጣኑን ያለአግባብ የሚጠቀም ከሆነ በህግ ተጠያቂ ይሆናል።,Unknown,Unknown,maanenyaaweme yaasetadaadare akaale tagebaarune siyaakanaawene hegene yamitese wayeme seletaanune yaalaagebaabe yamitaqame kahona bahege tatayaaqi yehonaale.,0.0006868839263916016,,,,
000343_mekdes.wav,Dataset_4.0h/audio/000343_mekdes.wav,አንድ የንግድ ድርጅት የትርፍ ግብር ስሌቱን በሚያዘጋጅበት ወቅት ለሰራተኞች የከፈለው የጉዞ እና የመስተንግዶ ወጪ ከገቢ ግብር ህጉ ጋር የሚጣጣም መሆን ያለበት ሲሆን ወጪው ከተቀመጠው ገደብ በላይ ከሆነ ባለስልጣኑ ወጪውን ውድቅ የማድረግ እና በዚያ መጠን ላይ ግብር የመጣል ስልጣን እንዳለው በገቢ ግብር መመሪያው ላይ ተገልጽዋል ።,Unknown,Unknown,anede yanegede derejete yaterefe gebere seleetune bamiyaazagaajebate waqete lasaraatanyoche yakafalawe yaguzo enaa yamasetanegedo wachi kagabi gebere hegu gaare yamitaataame mahone yaalabate sihone wachiwe kataqamatawe gadabe balaaye kahona baalaseletaanu wachiwene wedeqe yamaaderage enaa baziyaa matane laaye gebere yamataale seletaane enedaalawe bagabi gebere mamariyaawe laaye tagaletsewaale .,0.0015900135040283203,,,,
000769_ameha_aug1.wav,Dataset_4.0h/audio/000769_ameha_aug1.wav,የግብር ይግባኝ ኮሚሽን ስልጣን በታክስ ባለስልጣን የተወሰነውን የግብር መጠን ቅሬታ የቀረበበትን መርምሮ ውሳኔ መስጠት ሲሆን ከፋዩ ይግባኙን ከማቅረቡ በፊት መከፈል ያለበትን ግብር ግማሹን ማስያዝ እንዳለበት እና ውሳኔውም በሰላሳ ቀናት ውስጥ መ መሰጠት እንዳለበት ይታወቃል ።,Unknown,Unknown,yagebere yegebaanye komishene seletaane bataakese baalaseletaane yatawasanawene yagebere matane qereetaa yaqarababatene maremero wesaanee masetate sihone kafaayu yegebaanyune kamaaqerabu bafite makafale yaalabatene gebere gemaashune maaseyaaze enedaalabate enaa wesaaneeweme basalaasaa qanaate wesete ma masatate enedaalabate yetaawaqaale .,0.001585245132446289,,,,
000308_mekdes.wav,Dataset_4.0h/audio/000308_mekdes.wav,የባንክ ፈቃድ ለማግኘት የሚከተሉት ቅድመ ሁኔታዎች መምዋላት አለባቸው አንደኛ የተከፈለ ካፒታል መጠን አምስት ቢሊዮን መድረሱ ሁለተኛ የአስተዳደር ቦርድ አባላት ብቃት ሶስተኛ የቴክኖሎጂ መሰረተ ልማት እና አራተኛ የአደጋ መከላከያ ስርአት መኖሩ ነው ።,Unknown,Unknown,yabaaneke faqaade lamaagenyate yamikatalute qedema huneetaawoche mamewaalaate alabaachawe anedanyaa yatakafala kaapitaale matane amesete biliyone maderasu hulatanyaa yaasetadaadare borede abaalaate beqaate sosetanyaa yateekenoloji masarata lemaate enaa araatanyaa yaadagaa makalaakayaa sereate manoru nawe .,0.0013179779052734375,,,,
000661_mekdes.wav,Dataset_4.0h/audio/000661_mekdes.wav,በዚህ የትራንስፖርት ደህንነት ስምምነት መሰረት አባል ሀገራቱ በመንገድ እና በባቡር ትራንስፖርት ላይ የሚከሰቱ አደጋዎችን ለመቀነስ የደህንነት መስፈርቶችን ወጥ ለማድረግ እና መረጃ ለመለዋወጥ የተስማሙ ሲሆን ይህም ደህንነቱ የተጠበቀ የትራንስፖርት አገልግሎት እንዲኖር ይረዳል ።,Unknown,Unknown,bazihe yateraaneseporete dahenenate sememenate masarate abaale hagaraatu bamanegade enaa babaabure teraaneseporete laaye yamikasatu adagaawochene lamaqanase yadahenenate masefaretochene wate lamaaderage enaa marajaa lamalawaawate yatasemaamu sihone yeheme dahenenatu yatatabaqa yateraaneseporete agalegelote enedinore yeradaale .,0.0013451576232910156,,,,
000130_ameha.wav,Dataset_4.0h/audio/000130_ameha.wav,አንድ የህግ ድንጋጌ ግልጽ ካልሆነ እና በተለያዩ መንገዶች ሊተረጎም የሚችል ከሆነ ፍርድ ቤቱ ትርጓሜውን የመስጠት ስልጣን አለው።,Unknown,Unknown,anede yahege denegaagee geletse kaalehona enaa batalayaayu manegadoche litaragome yamichele kahona ferede beetu teregwaameewene yamasetate seletaane alawe.,0.0007140636444091797,,,,
000663_ameha.wav,Dataset_4.0h/audio/000663_ameha.wav,አንድ ዳኛ በጉዳዩ ላይ ተገቢውን ትኩረት ካልሰጠ እና ያለ አግባብ ውሳኔ ከሰጠ የዳኝነት ስህተት ሊሆን ይችላል።,Unknown,Unknown,anede daanyaa bagudaayu laaye tagabiwene tekurate kaalesata enaa yaala agebaabe wesaanee kasata yadaanyenate sehetate lihone yechelaale.,0.0007560253143310547,,,,
000871_ameha_aug1.wav,Dataset_4.0h/audio/000871_ameha_aug1.wav,የህዝብ አገልግሎት አቅርቦት ግልጽነት እና ፍትሃዊነት የጎደለው ከሆነ ቅሬታ አቅራቢዎች ወደ አስተዳደር ፍርድ ቤቶች በመሄድ መፍትሄ ማግኘት ይችላሉ።,Unknown,Unknown,yahezebe agalegelote aqerebote geletsenate enaa fetehaawinate yagodalawe kahona qereetaa aqeraabiwoche wada asetadaadare ferede beetoche bamaheede mafetehee maagenyate yechelaalu.,0.0008337497711181641,,,,
000087_mekdes.wav,Dataset_4.0h/audio/000087_mekdes.wav,ይህ የወንጀል ፍትህ አስተዳደር ስርአት በህገመንግስቱ እና በሌሎች አግባብነት ባላቸው ህጎች መሰረት የሚመራ ነው።,Unknown,Unknown,yehe yawanejale fetehe asetadaadare sereate bahegamanegesetu enaa baleeloche agebaabenate baalaachawe hegoche masarate yamimaraa nawe.,0.0006091594696044922,,,,
000330_mekdes.wav,Dataset_4.0h/audio/000330_mekdes.wav,የወንጀል ፍትህ ስርአት እያንዳንዱን ተከሳሽ ንጹህ የማስመሰል ግዴታ ባይኖርበትም የመከላከያ መብቱን ግን ማክበር አለበት።,Unknown,Unknown,yawanejale fetehe sereate eyaanedaanedune takasaashe netsuhe yamaasemasale gedeetaa baayenorebateme yamakalaakayaa mabetune gene maakebare alabate.,0.0006949901580810547,,,,
000466_gtts.wav,Dataset_4.0h/audio/000466_gtts.wav,የትራንስፖርት ባለስልጣን የሚሰጣቸው አገልግሎቶች የሚከተሉትን ያጠቃልላሉ አንደኛ የተሽከርካሪ ምዝገባ ሁለተኛ የመንጃ ፍቃድ አሰጣጥ ሶስተኛ የህዝብ ትራንስፖርት ፍቃድ እና አራተኛ የመንገድ ደህንነት ቁጥጥር።,Unknown,Unknown,yateraaneseporete baalaseletaane yamisataachawe agalegelotoche yamikatalutene yaataqaalelaalu anedanyaa yatashekarekaari mezegabaa hulatanyaa yamanejaa feqaade asataate sosetanyaa yahezebe teraaneseporete feqaade enaa araatanyaa yamanegade dahenenate qutetere.,0.0011110305786132812,,,,
000121_ameha_aug1.wav,Dataset_4.0h/audio/000121_ameha_aug1.wav,የይግባኝ አቤቱታ ከቀረበ በኋላ የፍርድ ቤቱ መዝገብ ቤት ይግባኙን ይመረምራል እና ህጋዊ መስፈርቶችን ማምዋላቱን ያረጋግጣል።,Unknown,Unknown,yayegebaanye abeetutaa kaqaraba baxwaalaa yaferede beetu mazegabe beete yegebaanyune yemarameraale enaa hegaawi masefaretochene maamewaalaatune yaaragaagetaale.,0.0007100105285644531,,,,
000860_mekdes_aug1.wav,Dataset_4.0h/audio/000860_mekdes_aug1.wav,የይዞታ መብት ሽያጭ ውል በኖታሪ ፊት መፈረም ያለበት ሲሆን ሁለት ምስክሮችም መገኘት አለባቸው።,Unknown,Unknown,yayezotaa mabete sheyaache wele banotaari fite mafarame yaalabate sihone hulate mesekerocheme maganyate alabaachawe.,0.0005390644073486328,,,,
