file_name,audio_path,transcription,domain,voice,prediction,confidence,inference_time,wer,cer,ser
000719_mekdes.wav,Dataset_4.0h/audio/000719_mekdes.wav,የንግድ ምልክት ዝውውር ህጋዊ ውጤት የሚኖረው በንግድ መዝገብ ውስጥ ሲመዘገብ ብቻ ሲሆን ዝውውሩ የተደረገው በሽያጭ ወይም በስጦታ መሆኑ በውሉ ላይ በግልጽ መቀመጥ እና በሁለቱ ወገኖች ፊርማ ተረጋግጦ ለሚመለከተው አካል መቅረብ አለበት ።,Unknown,Unknown,,0.0,0.007035017013549805,1.0,1.0,1.0
000724_mekdes.wav,Dataset_4.0h/audio/000724_mekdes.wav,በዚህ የድንበር ስምምነት መሰረት ሁለቱም ሀገራት የየራሳቸውን የግዛት አንድነት ለማክበር የተስማሙ ሲሆን በድንበር አካባቢ የሚነሱ ማናቸውም አለመግባባቶች በጋራ የድንበር ኮሚሽን አማካኝነት በሰላማዊ ውይይት እንዲፈቱ በህግ ግዴታ ገብተዋል ።,Unknown,Unknown,,0.0,0.0055389404296875,1.0,1.0,1.0
000295_ameha.wav,Dataset_4.0h/audio/000295_ameha.wav,ማንኛውም ህዝባዊ ምርጫ በፍትሃዊነት እና በነጻነት የሚካሄድ መሆኑን የማረጋገጥ ህገመንግስታዊ ግዴታ በምርጫ ቦርድ ላይ ተጥልዋል።,Unknown,Unknown,,0.0,0.0037109851837158203,1.0,1.0,1.0
000701_gtts_aug1.wav,Dataset_4.0h/audio/000701_gtts_aug1.wav,የንግድ ማህበር ስራ አስኪያጅ በጤና እክል ወይም በሌላ በቂ ምክንያት ስራውን ማከናወን ካልቻለ የዳይሬክተሮች ቦርድ ጊዜያዊ ስራ አስኪያጅ የመሾም ስልጣን ያለው ሲሆን ይህ ሹመትም ለሚቀጥለው ጠቅላላ ጉባኤ ቀርቦ መጽደቅ አለበት ።,Unknown,Unknown,,0.0,0.002084970474243164,1.0,1.0,1.0
000251_ameha_aug1.wav,Dataset_4.0h/audio/000251_ameha_aug1.wav,በወንጀል ህግ መሰረት ጥፋተኛ ተብሎ የተወሰነበት ሰው የቅጣት ውሳኔው ከጸና በኋላ ይግባኝ የመጠየቅ መብቱ የተጠበቀ ቢሆንም ይግባኙን ማቅረብ ያለበት የቅጣት ውሳኔው በተሰጠ በስልሳ ቀናት ውስጥ መሆን እንዳለበት የሰነ ሰርአት ህጉ ያስረዳል ።,Unknown,Unknown,,0.0,0.001947164535522461,1.0,1.0,1.0
000726_ameha.wav,Dataset_4.0h/audio/000726_ameha.wav,የፍርድ ቤት ክፍያዎች የሚከተሉትን ያጠቃልላሉ አንደኛ የክስ መክፈቻ ክፍያ ሁለተኛ የሰነድ ቅጂ ክፍያ ሶስተኛ የይግባኝ ክፍያ እና አራተኛ የአስፈጻሚ ክፍያ ሲሆኑ እያንዳንዳቸው በህግ የተወሰኑ ናቸው።,Unknown,Unknown,,0.0,0.005045175552368164,1.0,1.0,1.0
000461_mekdes.wav,Dataset_4.0h/audio/000461_mekdes.wav,የንግድ ስም ማስታወቂያ በጋዜጣ የሚወጣው ሶስተኛ ወገኖች ተቃውሞ ካላቸው እንዲያቀርቡ ለማስቻል ሲሆን ተቃውሞው በአስራ አምስት ቀናት ውስጥ ካልቀረበ መዝጋቢው አካል የንግድ ስሙን መዝግቦ የምስክር ወረቀት ለባለቤቱ ይሰጣል ።,Unknown,Unknown,,0.0,0.004967927932739258,1.0,1.0,1.0
000455_mekdes_aug1.wav,Dataset_4.0h/audio/000455_mekdes_aug1.wav,የታክስ አስተዳደር አዋጅ ቁጥር ዘጠኝ መቶ ሰባ አምስት አንቀጽ ሁለት መቶ አራት አስር አራት እንደሚያመለክተው ማንኛውም ግብር ከፋይ የታክስ ባለስልጣኑ የሰጠውን የታክስ ውሳኔ በመቃወም ለከፍተኛ ፍርድ ቤት ይግባኝ ሲያቀርብ ፍርድ ቤቱ ጉዳዩን መርምሮ የመጨረሻ ውሳኔ እስኪሰጥ ድረስ ግብር ከፋዩ ግብሩን የመክፈል ግዴታው ለጊዜው ታግዶ ሊቆይ ይችላል ።,Unknown,Unknown,,0.0,0.002110004425048828,1.0,1.0,1.0
000270_mekdes.wav,Dataset_4.0h/audio/000270_mekdes.wav,አንድ የፍርድ ቤት ትእዛዝ በግልጽ ካልተጻፈ ወይም አፈጻጸሙ ግልጽ ካልሆነ የሚመለከተው አካል ከፍርድ ቤቱ ተጨማሪ ማብራሪያ የመጠየቅ መብት ይኖረዋል።,Unknown,Unknown,,0.0,0.0035889148712158203,1.0,1.0,1.0
000815_ameha_aug1.wav,Dataset_4.0h/audio/000815_ameha_aug1.wav,የመጥሪያ ወረቀት ማለት ተከሳሹ ለፍርድ ቤት እንዲቀርብ የሚያዝ የጽሁፍ ትእዛዝ ሲሆን ይህም የህግ ሂደቱን ለመጀመር ያገለግላል።,Unknown,Unknown,,0.0,0.0014777183532714844,1.0,1.0,1.0
000862_gtts_aug1.wav,Dataset_4.0h/audio/000862_gtts_aug1.wav,በወንጀል ህግ አንቀጽ አምስት መቶ አስር መሰረት በሰዎች መካከል ግጭት እንዲነሳ የሚቀሰቅስ ንግግር ማድረግ ወይም የጥላቻ ንግግርን በመገናኛ ብዙሀን ማሰራጨት በህግ የሚያስቀጣ ወንጀል ሲሆን ተከሳሹ ድርጊቱን የፈጸመው ሆን ብሎ ረብሻ እንዲነሳ ለማድረግ መሆኑ ከተረጋገጠ ቅጣቱ ከፍተኛ ይሆናል ።,Unknown,Unknown,,0.0,0.0023641586303710938,1.0,1.0,1.0
000269_ameha_aug1.wav,Dataset_4.0h/audio/000269_ameha_aug1.wav,የአለም አቀፍ የወንጀለኞች ፍርድ ቤት ሮም ስታትዩት ማለት የዘር ማጥፋትን በሰው ልጆች ላይ የሚፈጸሙ ወንጀሎችን የጦር ወንጀሎችን እና የጥቃት ወንጀሎችን የሚፈጽሙ ግለሰቦችን በቁጥጥር ስር ለማዋል እና ለፍርድ ለማቅረብ የተቋቋመ የቋሚ ፍርድ ቤት መመስረቻ ሰነድ ሲሆን ይህም የአለም አቀፍ ፍትህን ለማረጋገጥ የታለመ ነው ።,Unknown,Unknown,,0.0,0.0018308162689208984,1.0,1.0,1.0
000201_ameha_aug1.wav,Dataset_4.0h/audio/000201_ameha_aug1.wav,የህግ ውክልና ዋና ዋና ግዴታዎች የሚከተሉት ናቸው አንደኛ የደንበኛውን ጥቅም መጠበቅ ሁለተኛ ሚስጥራዊነትን ማክበር ሶስተኛ የህግ ምክር መስጠት እና አራተኛ በፍርድ ቤት መወከል የሚሉት ናቸው።,Unknown,Unknown,,0.0,0.0016150474548339844,1.0,1.0,1.0
000161_ameha.wav,Dataset_4.0h/audio/000161_ameha.wav,የተባበሩት መንግስታት ድርጅት የጸጥታው ምክር ቤት በአንድ ሀገር ላይ የሚወሰድ የሰላም ማስከበር ስራ ውጤታማ እንዲሆን የሁለቱንም ተከራካሪ ወገኖች ፍቃደኝነት ማግኘት አስፈላጊ መሆኑን እና በገለልተኝነት እንዲሁም የሀይል እርምጃን ለመከላከያ ብቻ በመጠቀም መርህ ላይ ተመስርቶ ሊከናወን እንደሚገባ በድጋሚ ያረጋግጣል ።,Unknown,Unknown,,0.0,0.006987571716308594,1.0,1.0,1.0
000555_ameha_aug1.wav,Dataset_4.0h/audio/000555_ameha_aug1.wav,የገንዘብ ዝውውር በብሄራዊ ባንክ ቁጥጥር ስር ነው።,Unknown,Unknown,,0.0,0.0009369850158691406,1.0,1.0,1.0
000729_gtts_aug1.wav,Dataset_4.0h/audio/000729_gtts_aug1.wav,የአለም አቀፍ የንግድ ክርክር ሽምግልና ስምምነት መሰረት በሁለት የግል ኩባንያዎች መካከል የሚነሳ ማንኛውም የውል አለመግባባት በገለልተኛ ዳኞች እንዲታይ የሚደረግ ሲሆን የዳኞቹ ውሳኔም በመጨረሻነት በሁለቱም ወገኖች ላይ ተፈጻሚነት እንደሚኖረው እና ውሳኔውም በሀገሪቱ ፍርድ ቤቶች በኩል እንደሚፈጸም በዝርዝር ይደነግጋል ።,Unknown,Unknown,,0.0,0.002722024917602539,1.0,1.0,1.0
000401_mekdes_aug1.wav,Dataset_4.0h/audio/000401_mekdes_aug1.wav,የጋብቻ ስጦታ ማለት ተጋቢዎች ከመጋባታቸው በፊት ወይም በጋብቻ ወቅት እርስ በእርሳቸው የሚሰጣጡት ንብረት ሲሆን ይህም ስጦታ በጽሁፍ ካልተረጋገጠ ወይም በኑዛዜ ካልተደገፈ በስተቀር ጋብቻው በሚፈርስበት ጊዜ ለጋሹ ንብረቱን መልሶ የመጠየቅ መብት እንደማይኖረው በህጉ ተመልክትዋል ።,Unknown,Unknown,,0.0,0.002218008041381836,1.0,1.0,1.0
000702_ameha.wav,Dataset_4.0h/audio/000702_ameha.wav,በአንቀጽ አምስት ሺህ አምስት መቶ ሃምሳ አምስት መሰረት ማንኛውም ሰው የሌላውን ሰው የፈጠራ ስራ ወይም የደራሲነት መብት ያለፈቃድ ለግል ጥቅሙ ያዋለ እንደሆነ ድርጊቱ የአእምሮአዊ ንብረት ስርቆት ተደርጎ የሚቆጠር ሲሆን ተጎጂው የካሳ ክፍያ እና ድርጊቱ እንዲቆም የመጠየቅ መብት አለው ።,Unknown,Unknown,,0.0,0.006557941436767578,1.0,1.0,1.0
000476_ameha_aug1.wav,Dataset_4.0h/audio/000476_ameha_aug1.wav,በሁለት መንግስታት መካከል የሚደረግ የድንበር ስምምነት ውጤታማ እንዲሆን እና በህግ ፊት ጸንቶ እንዲቆይ ከተፈለገ ስምምነቱ በሁለቱም ሀገራት ይፋዊ ጋዜጣ ላይ ታትሞ መውጣት ያለበት ሲሆን ይህም ሂደት ከተጠናቀቀ በኋላ በሰላሳ ቀናት ውስጥ ለአለም አቀፍ ድርጅት መመዝገብ እንዳለበት በግልጽ ተቀምጥዋል ።,Unknown,Unknown,,0.0,0.0023622512817382812,1.0,1.0,1.0
000821_mekdes.wav,Dataset_4.0h/audio/000821_mekdes.wav,የውል ማሻሻያ ሰነድ ከዋናው ውል ጋር ተያይዞ የሚቀመጥ እና የውሉ አካል ሆኖ የሚያገለግል ሲሆን በሁለቱ ሰነዶች መካከል ግጭት ቢፈጠር የኋለኛው ወይም አዲሱ ሰነድ በህግ ፊት የበላይነት እንደሚኖረው እንደ አንድ መሰረታዊ መርህ ይታያል ።,Unknown,Unknown,,0.0,0.005581855773925781,1.0,1.0,1.0
000771_mekdes_aug1.wav,Dataset_4.0h/audio/000771_mekdes_aug1.wav,ሶስት መቶ ሰባ። የህዝብ ተወካዮች ምክር ቤት የውጭ ብድር ስምምነቶችን የማጽደቅ ስልጣን ያለው ሲሆን ይህንንም የሀገሪቱን ጥቅም መሰረት በማድረግ ያከናውናል።,Unknown,Unknown,,0.0,0.0015969276428222656,1.0,1.0,1.0
000105_ameha_aug1.wav,Dataset_4.0h/audio/000105_ameha_aug1.wav,በአንቀጽ ዘጠኝ ሺህ ዘጠኝ መቶ ዘጠና ዘጠኝ መሰረት ማንኛውም ሰው በህገ ወጥ መንገድ የጦር መሳሪያ የያዘ ወይም ዝውውር የፈጸመ እንደሆነ ድርጊቱ የሀገርን ሰላም እና ጸጥታ የሚጎዳ በመሆኑ መሳሪያው ለመንግስት እንዲወረስ እና ግለሰቡ ከአምስት እስከ አስር አመት በሚደርስ ጽኑ እስራት እንዲቀጣ የሚል ውሳኔ ይሰጣል ።,Unknown,Unknown,,0.0,0.0020499229431152344,1.0,1.0,1.0
000565_gtts_aug1.wav,Dataset_4.0h/audio/000565_gtts_aug1.wav,የመንግስት ሰራተኞች የህዝብን ጥቅም ለማስጠበቅ የተሾሙ በመሆናቸው ከግል ፍላጎት ነጻ ሆነው መስራት አለባቸው።,Unknown,Unknown,,0.0,0.0013921260833740234,1.0,1.0,1.0
000389_ameha.wav,Dataset_4.0h/audio/000389_ameha.wav,የፍርድ ቤት ክፍለ ጊዜ ሲጠናቀቅ የጉዳዩ ፋይሎች ሙሉ በሙሉ መዝጋት ይኖርባቸዋል እና አስፈላጊ ከሆነም የመዝገብ ቤት መላክ አለበት።,Unknown,Unknown,,0.0,0.0036780834197998047,1.0,1.0,1.0
000001_mekdes_aug1.wav,Dataset_4.0h/audio/000001_mekdes_aug1.wav,የአለም አቀፍ የባህል ቅርሶች ዝውውር ቁጥጥር ስምምነት ማለት በህገ ወጥ መንገድ የወጡ ቅርሶችን ወደ ነበሩበት ሀገር ለመመለስ እና የቅርሶችን ደህንነት ለመጠበቅ የሚረዱ ደንቦች ስብስብ ሲሆን ይህም የሀገራትን ታሪካዊ ቅርስ እና ባህላዊ ማንነት ለመጠበቅ ወሳኝ እርምጃ ነው ።,Unknown,Unknown,,0.0,0.0018050670623779297,1.0,1.0,1.0
000976_ameha.wav,Dataset_4.0h/audio/000976_ameha.wav,የቤተሰብ ፍርድ ቤቶች ህጻናትን ከአካልና ከአእምሮ ጥቃት የመጠበቅ ህገ መንግስታዊ ግዴታ አለባቸው።,Unknown,Unknown,,0.0,0.0028679370880126953,1.0,1.0,1.0
001024_gtts.wav,Dataset_4.0h/audio/001024_gtts.wav,አንድ አገር ከአለም አቀፍ የኢንዱስትሪ ልማት ድርጅት ጋር ባላት ስምምነት መሰረት የማምረቻ ዘርፍዋን ለማሳደግ የሚያስችሉ ፖሊሲዎችን የመቅረጽ እና ለአነስተኛ እና መካከለኛ ኢንተርፕራይዞች የቴክኒክ ድጋፍ የማድረግ ግዴታ ያለባት ሲሆን ድርጅቱም የኢንቨስትመንት ፍሰትን ለማሳደግ የሚያስችሉ ስራዎችን በጋራ የመስራት ሀላፊነት አለበት ።,Unknown,Unknown,,0.0,0.010290145874023438,1.0,1.0,1.0
000561_ameha_aug1.wav,Dataset_4.0h/audio/000561_ameha_aug1.wav,የመሬት ይዞታ መብት የሚገኘው በመንግስት ከተሰጠ የመሬት ካርታ ወይም የይዞታ ሰነድ ሲሆን ይህ ሰነድ የመሬቱን ወሰን እና የባለቤቱን መብቶች በግልጽ ያስቀምጣል።,Unknown,Unknown,,0.0,0.002131938934326172,1.0,1.0,1.0
000931_mekdes.wav,Dataset_4.0h/audio/000931_mekdes.wav,ዘጠና ስድስት። የአስተዳደር አካላት ውሳኔዎችን በሚሰጡበት ጊዜ የፍትህ መርሆችን ማክበር ያለባቸው ሲሆን ይህም የማስረጃ አሰባሰብ እና የውሳኔ አሰጣጥ ሂደትን ያካትታል።,Unknown,Unknown,,0.0,0.004441261291503906,1.0,1.0,1.0
000080_mekdes.wav,Dataset_4.0h/audio/000080_mekdes.wav,የአስተዳደር ስነ ስርአት ደንብ ማለት የአስተዳደር አካላት ውሳኔዎችን ለመስጠት የሚከተልዋቸውን መርሆዎች እና አሰራሮች የሚያስቀምጥ ሰነድ ነው።,Unknown,Unknown,,0.0,0.003762960433959961,1.0,1.0,1.0
000205_ameha_aug1.wav,Dataset_4.0h/audio/000205_ameha_aug1.wav,ይህ ደንብ የመንግስት አካላት ለተሰጣቸው ስልጣን ሙሉ በሙሉ ተጠያቂ መሆናቸውን ያረጋግጣል።,Unknown,Unknown,,0.0,0.001071929931640625,1.0,1.0,1.0
000034_ameha_aug1.wav,Dataset_4.0h/audio/000034_ameha_aug1.wav,የፌደራል መንግስት የአስቸኳይ ጊዜ አዋጅ የማወጅ ስልጣን በአንቀጽ ዘጠና ሶስት ንኡስ አንቀጽ አንድ መሰረት የተሰጠው ነው።,Unknown,Unknown,,0.0,0.0013680458068847656,1.0,1.0,1.0
000942_gtts_aug1.wav,Dataset_4.0h/audio/000942_gtts_aug1.wav,በወንጀል ህግ አንቀጽ አምስት መቶ አራት አስር ስድስት መሰረት በህገ ወጥ መንገድ ሰዎችን ከአገር ማውጣት ወይም በሀገር ውስጥ የሰው ዝውውር መፈጸም በሰብአዊነት ላይ የሚፈጸም ወንጀል ሆኖ ተከሳሹ በዚህ ተግባር ከተሰማራ ንብረቱ እንዲወረስ እና በከባድ እስራት እንዲቀጣ ይደረጋል ።,Unknown,Unknown,,0.0,0.0022118091583251953,1.0,1.0,1.0
000775_mekdes_aug1.wav,Dataset_4.0h/audio/000775_mekdes_aug1.wav,የንግድ ስራን ለማስተላለፍ ወይም ለመሸጥ የሚከተሉትን ማምዋላት ያስፈልጋል አንደኛ የሽያጭ ውሉ በውል እና ማስረጃ መመዝገብ ሁለተኛ የግብር ሰነዶች መጣራት ሶስተኛ የንግድ ሚኒስቴር ፈቃድ መስጠት ናቸው ።,Unknown,Unknown,,0.0,0.0016231536865234375,1.0,1.0,1.0
000508_gtts_aug1.wav,Dataset_4.0h/audio/000508_gtts_aug1.wav,የአስተዳደር አካል በህዝብ ጥቅም ስም የግል ንብረትን ያለአግባብ ለመውረስ ከሞከረ ፍርድ ቤቱ ይህንን ውሳኔ የመቀልበስ ስልጣን አለው።,Unknown,Unknown,,0.0,0.0019829273223876953,1.0,1.0,1.0
000427_mekdes.wav,Dataset_4.0h/audio/000427_mekdes.wav,በዚህ የጸረ ሙስና ስምምነት መሰረት አባል ሀገራቱ የህዝብ ሀብትን የሚያባክኑ እና በሙስና የተሰማሩ ግለሰቦችን ለህግ ለማቅረብ እና በውጭ ሀገር የተደበቀ ሀብትን ለማስመለስ እንዲሁም መረጃ ለመለዋወጥ የተስማሙ ሲሆን ይህም ግልጽነትን እና ተጠያቂነትን ለማስፈን ትልቅ ሚና ይጫወታል ።,Unknown,Unknown,,0.0,0.0065152645111083984,1.0,1.0,1.0
000454_mekdes.wav,Dataset_4.0h/audio/000454_mekdes.wav,የታክስ አስተዳደር አዋጅ ቁጥር ዘጠኝ መቶ ሰባ አምስት አንቀጽ ሁለት መቶ አራት አስር አራት እንደሚያመለክተው ማንኛውም ግብር ከፋይ የታክስ ባለስልጣኑ የሰጠውን የታክስ ውሳኔ በመቃወም ለከፍተኛ ፍርድ ቤት ይግባኝ ሲያቀርብ ፍርድ ቤቱ ጉዳዩን መርምሮ የመጨረሻ ውሳኔ እስኪሰጥ ድረስ ግብር ከፋዩ ግብሩን የመክፈል ግዴታው ለጊዜው ታግዶ ሊቆይ ይችላል ።,Unknown,Unknown,,0.0,0.006879091262817383,1.0,1.0,1.0
001012_mekdes_aug1.wav,Dataset_4.0h/audio/001012_mekdes_aug1.wav,የወጪ ንግድ ፈቃድ ማለት አንድ ኩባንያ ምርቶችን ከአገር ወደ ውጭ እንዲልክ የሚሰጠው ህጋዊ ፈቃድ ማለት ነው።,Unknown,Unknown,,0.0,0.0012400150299072266,1.0,1.0,1.0
000366_ameha.wav,Dataset_4.0h/audio/000366_ameha.wav,የፍርድ ቤት ውሳኔ አፈጻጸም ወቅት ተበዳሪው መክፈል ያለበትን ገንዘብ ለመክፈል ፈቃደኛ ካልሆነ እና ንብረቶቹን ሁሉ ለሌላ ሰው አሳልፎ ከሰጠ ፍርድ ቤቱ የተበዳሪውን የጉዞ እገዳ ሊጥልበት ይችላል ይህም ተበዳሪው እዳውን ሳይከፍል ከሀገር እንዳይወጣ ለመከላከል የሚደረግ እርምጃ ሲሆን በተጨማሪም ተበዳሪው ንብረቶቹን መልሶ ለእዳ መክፈያነት እንዲያቀርብ ወይም በምትኩ በቂ ዋስትና እንዲሰጥ ተገዶ ሊታዘዝ ይችላል እንዲሁም ትእዛዙን ካልፈጸመ በፍርድ ቤት መናቅ ወንጀል ተከሶ እስከ ስድስት ወር በሚደርስ ቀላል እስራት ሊቀጣ ይችላል ።,Unknown,Unknown,,0.0,0.010819196701049805,1.0,1.0,1.0
000091_mekdes_aug1.wav,Dataset_4.0h/audio/000091_mekdes_aug1.wav,የንግድ መዝገብ መረጃዎች ለህዝብ ግልጽ መሆን ያለባቸው ሲሆን ማንኛውም ሰው ስለ አንድ ድርጅት ህጋዊነት ወይም ስለ ስራ አስኪያጁ ስልጣን ለማረጋገጥ መረጃውን የመጠየቅ መብት አለው ይህ አሰራር በንግድ ስራ ውስጥ ግልጽነትን ለመፍጠር ይረዳል ።,Unknown,Unknown,,0.0,0.0019540786743164062,1.0,1.0,1.0
000339_mekdes.wav,Dataset_4.0h/audio/000339_mekdes.wav,የአቃቤ ህግ ክስ በተከሳሹ ላይ የሞት ፍርድ የሚያስከትል ከሆነ ተከሳሹ የተለየ የህግ ጥበቃና የህግ ባለሙያ የማግኘት መብት ይኖረዋል።,Unknown,Unknown,,0.0,0.0032541751861572266,1.0,1.0,1.0
000897_mekdes.wav,Dataset_4.0h/audio/000897_mekdes.wav,አንድ የአስተዳደር አካል የህዝብን አገልግሎት ሲሰጥ ግልጽ፣ ቀልጣፋ፣ ፍትሃዊ እና ተደራሽ መሆን ያለበት ሲሆን ይህም መልካም አስተዳደር ነው።,Unknown,Unknown,,0.0,0.00327301025390625,1.0,1.0,1.0
000564_gtts.wav,Dataset_4.0h/audio/000564_gtts.wav,የመንግስት ሰራተኞች የህዝብን ጥቅም ለማስጠበቅ የተሾሙ በመሆናቸው ከግል ፍላጎት ነጻ ሆነው መስራት አለባቸው።,Unknown,Unknown,,0.0,0.0038747787475585938,1.0,1.0,1.0
000345_ameha_aug1.wav,Dataset_4.0h/audio/000345_ameha_aug1.wav,የፍርድ ቤት ውሳኔ አፈጻጸም ወቅት ተቃውሞ ካጋጠመ ለምሳሌ ንብረቱ የሌላ ሰው ነው የሚል የሶስተኛ ወገን ጥያቄ ቢነሳ አፈጻጸሙ ለጊዜው እንዲቆም እና የንብረት ይገባኛል ክርክሩ ተለይቶ እንዲታይ ይደረጋል እንዲሁም ንብረቱ የሌላ ሰው መሆኑ ከተረጋገጠ እገዳው ተነስቶ ለባለቤቱ እንዲመለስ ፍርድ ቤቱ ትእዛዝ ይሰጣል ።,Unknown,Unknown,,0.0,0.0021300315856933594,1.0,1.0,1.0
000776_ameha.wav,Dataset_4.0h/audio/000776_ameha.wav,የንብረት ግምት ተቃውሞ ሲቀርብ ፍርድ ቤቱ ተቃውሞውን ለመመርመር የገለልተኛ ባለሙያዎችን ቡድን ሊመድብ ይችላል እንዲሁም ቡድኑ ንብረቱን በአካል ተገኝቶ በማየት እና ያለበትን ሁኔታ በመገምገም አዲስ የዋጋ ተመን ለፍርድ ቤቱ ያቀርባል እንዲሁም የቀድሞው ግምት የተሳሳተ መሆኑ ከተረጋገጠ የቀድሞው ገማች በሙያ ስህተት ተጠያቂ ሊሆን እንደሚችል እና አዲሱ ግምት የመጨረሻ ውሳኔ ሆኖ እንደሚጸና ይታወቃል ።,Unknown,Unknown,,0.0,0.00784921646118164,1.0,1.0,1.0
000241_mekdes_aug1.wav,Dataset_4.0h/audio/000241_mekdes_aug1.wav,የአቃቤ ህግ ክርክር ሲያቀርብ የሚከተሉትን ነጥቦች ማረጋገጥ አለበት አንደኛ ወንጀሉ መፈጸሙን ሁለተኛ ወንጀሉን የተፈጸመው በተከሳሹ መሆኑን ሶስተኛ ወንጀሉን ለመፈጸም የጥፋተኝነት ሃሳብ እንደነበረ እና አራተኛ የተገኘው ማስረጃ ጠንካራ መሆኑን።,Unknown,Unknown,,0.0,0.0019218921661376953,1.0,1.0,1.0
000013_ameha_aug1.wav,Dataset_4.0h/audio/000013_ameha_aug1.wav,የአስተዳደር ህግ የህዝብ አስተዳደር አካላት ስልጣን ወሰኖችን ሲገልጽ የሚከተሉትን መርሆዎች ያካትታል አንደኛ የህግ የበላይነት መርህ ሁለተኛ የፍትሃዊነት መርህ ሶስተኛ የግልጽነት መርህ እና አራተኛ የተጠያቂነት መርህ።,Unknown,Unknown,,0.0,0.0017352104187011719,1.0,1.0,1.0
000315_mekdes_aug1.wav,Dataset_4.0h/audio/000315_mekdes_aug1.wav,አንድ መቶ ሃምሳ ሰባት። አንድ የአስተዳደር አካል ህገ ወጥ ውሳኔ ከሰጠ ተጎጂው አካል የገንዘብ ካሳ የመጠየቅ መብት ያለው ሲሆን ይህንንም በፍርድ ቤት ሊጠይቅ ይችላል።,Unknown,Unknown,,0.0,0.0014448165893554688,1.0,1.0,1.0
000600_gtts_aug1.wav,Dataset_4.0h/audio/000600_gtts_aug1.wav,ማስረጃ ማለት አንድን ክርክር ለመደገፍ ወይም ለመቃወም በህጋዊ መንገድ የሚቀርብ መረጃ ሲሆን ይህም የሰነድ ወይም የቃል ሊሆን ይችላል።,Unknown,Unknown,,0.0,0.0012760162353515625,1.0,1.0,1.0
000387_mekdes.wav,Dataset_4.0h/audio/000387_mekdes.wav,የፈጠራ ባለቤትነት ማለት የአንድን ፈጠራ ብቸኛ መብት የሚያረጋግጥ ህጋዊ ሰነድ ማለት ነው።,Unknown,Unknown,,0.0,0.0025527477264404297,1.0,1.0,1.0
000273_ameha_aug1.wav,Dataset_4.0h/audio/000273_ameha_aug1.wav,የፍርድ ቤት ውሳኔ አፈጻጸም ወቅት ተበዳሪው መክፈል ያለበትን ገንዘብ ለመክፈል ፈቃደኛ ካልሆነ እና ንብረቶቹን ሁሉ ለሌላ ሰው አሳልፎ ከሰጠ ፍርድ ቤቱ የተበዳሪውን የጉዞ እገዳ ሊጥልበት ይችላል ይህም ተበዳሪው እዳውን ሳይከፍል ከሀገር እንዳይወጣ ለመከላከል የሚደረግ እርምጃ ሲሆን በተጨማሪም ተበዳሪው ንብረቶቹን መልሶ ለእዳ መክፈያነት እንዲያቀርብ ወይም በምትኩ በቂ ዋስትና እንዲሰጥ ተገዶ ሊታዘዝ ይችላል እንዲሁም ትእዛዙን ካልፈጸመ በፍርድ ቤት መናቅ ወንጀል ተከሶ እስከ ስድስት ወር በሚደርስ ቀላል እስራት ሊቀጣ ይችላል እንዲሁም ተበዳሪው ንብረቱን የሸሸገው ወይም በሀሰት ለሌላ ሰው ያዛወረው መሆኑ ከተረጋገጠ ዝውውሩ ተሰርዞ ንብረቱ እንዲወረስ እና ድርጊቱን የፈጸሙ ግብረ አበሮችም በህግ እንዲጠየቁ ይደረጋል እንዲሁም ተበዳሪው በውሳኔው መሰረት ክፍያውን መፈጸም የማይችል መሆኑን በበቂ ማስረጃ ካስረዳ ፍርድ ቤቱ ክፍያውን በየጊዜው እንዲከፍል ሊፈቅድለት ይችላል ነገር ግን ይህ ፈቃድ የሚሰጠው ተበዳሪው እውነተኛ ሀሳብ ያለው መሆኑ ሲረጋገጥ ብቻ ነው ።,Unknown,Unknown,,0.0,0.0044460296630859375,1.0,1.0,1.0
000166_ameha.wav,Dataset_4.0h/audio/000166_ameha.wav,የአስተዳደር ህግ የህዝብ አስተዳደር አካላት ሃላፊነትን እና ስልጣንን በአዋጅ ቁጥር ዘጠኝ መቶ ስልሳ ዘጠኝ አንቀጽ አስራ ሁለት መሰረት ይደነግጋል።,Unknown,Unknown,,0.0,0.0037298202514648438,1.0,1.0,1.0
000840_gtts_aug1.wav,Dataset_4.0h/audio/000840_gtts_aug1.wav,በወንጀል ህግ አንቀጽ አምስት መቶ አስር መሰረት በህገ ወጥ መንገድ የመሬት ወረራ መፈጸም ወይም የመንግስትን መሬት ለግል ጥቅም ማዋል በህግ የሚያስቀጣ ወንጀል ሲሆን ተከሳሹ በመሬቱ ላይ የገነባቸው ቤቶች እንዲፈርሱ ከመደረጉም በላይ ለደረሰው ጉዳት ካሳ እንዲከፍል እና በእስራት እንዲቀጣ ፍርድ ቤቱ ይወስናል ።,Unknown,Unknown,,0.0,0.002541065216064453,1.0,1.0,1.0
000020_mekdes.wav,Dataset_4.0h/audio/000020_mekdes.wav,ሁለት መቶ ሰባ ስምንት። የዜጎች የንብረት ባለቤትነት መብት በህገ መንግስቱ የተጠበቀ ሲሆን በህግ ሊወሰድ የሚችለው ለህዝብ ጥቅም እና በቂ ካሳ ከተከፈለ በኋላ ብቻ ነው።,Unknown,Unknown,,0.0,0.0038840770721435547,1.0,1.0,1.0
000646_gtts_aug1.wav,Dataset_4.0h/audio/000646_gtts_aug1.wav,የክልል ፍርድ ቤቶች በክልሉ ውስጥ ለሚፈጸሙ የክልል ህግ ጥሰቶች የዳኝነት ስልጣን ያላቸው ሲሆን የፌደራል ፍርድ ቤቶች ደግሞ በሀገር አቀፍ ደረጃ የሚወጡ ህጎችን ወይም በፌደራል ተቋማት ላይ የሚፈጸሙ የወንጀል ድርጊቶችን የማየት እና የመወሰን ስልጣን እንዳላቸው በህጉ ተለይትዋል ።,Unknown,Unknown,,0.0,0.0018587112426757812,1.0,1.0,1.0
000818_ameha.wav,Dataset_4.0h/audio/000818_ameha.wav,የህግ የበላይነት የህዝብን ስምሪት እና የፍትህ አስተዳደርን ለማሻሻል መሰረታዊ መሳሪያ ነው።,Unknown,Unknown,,0.0,0.0025200843811035156,1.0,1.0,1.0
000484_ameha_aug1.wav,Dataset_4.0h/audio/000484_ameha_aug1.wav,ይህ አዋጅ እንደሚያረጋግጠው የመንግስት ሀብቶች በአግባቡ እና በግልጽነት ጥቅም ላይ መዋል አለባቸው።,Unknown,Unknown,,0.0,0.0011708736419677734,1.0,1.0,1.0
001022_ameha.wav,Dataset_4.0h/audio/001022_ameha.wav,አንድ ባለስልጣን በህዝብ ግዥ ሂደት ውስጥ ያለአግባብ ስልጣኑን በመጠቀም ለአንድ ተወዳዳሪ ጥቅም ከሰጠ እና ይህ ድርጊት በኦዲት ከተረጋገጠ በሙስና ወንጀል ተከሶ ከስራው ሊሰናበት ይችላል።,Unknown,Unknown,,0.0,0.004761934280395508,1.0,1.0,1.0
000504_ameha_aug1.wav,Dataset_4.0h/audio/000504_ameha_aug1.wav,የባለእዳው ንብረት የዋስትና መያዣ ከሆነ አበዳሪው ከመውረስ በፊት ሰላሳ የስራ ቀናት ማሳወቂያ መስጠት አለበት።,Unknown,Unknown,,0.0,0.0007672309875488281,1.0,1.0,1.0
000831_gtts.wav,Dataset_4.0h/audio/000831_gtts.wav,የወንጀል ድርጊት ሰለባ የሆኑ ሰዎች የመንግስት የህግ ድጋፍ የማግኘት መብት ያላቸው ሲሆን በተለይም በጾታ ጥቃት እና በህጻናት ላይ የሚፈጸሙ ወንጀሎች ተጎጂዎች ልዩ የሆነ የህክምና እና የስነ ልቦና ድጋፍ እንዲሁም ነጻ የህግ ምክር እንዲያገኙ መንግስት ምቹ ሁኔታዎችን ማመቻቸት ይኖርበታል ።,Unknown,Unknown,,0.0,0.008570671081542969,1.0,1.0,1.0
000243_ameha_aug1.wav,Dataset_4.0h/audio/000243_ameha_aug1.wav,የህገመንግስት ማሻሻያ ሂደት እጅግ በጣም ጥብቅ የሆኑ ህገመንግስታዊ መስፈርቶችን የሚያምዋላ መሆን አለበት የሚለው መሰረታዊ መርህ ነው።,Unknown,Unknown,,0.0,0.0009851455688476562,1.0,1.0,1.0
000566_ameha.wav,Dataset_4.0h/audio/000566_ameha.wav,የአለም አቀፍ የባህር ህግ ስምምነት የሚከተሉትን የባህር ክልሎች ይለያል አንደኛ የሀገር ውስጥ ውሃዎች ሁለተኛ የግዛት ባህር ሶስተኛ ተጎራባች ዞን አራተኛ ልዩ የኢኮኖሚ ቀጠና እና አምስተኛ ከፍተኛ ባህር ሲሆኑ እያንዳንዳቸው የየራሳቸው የህግ ድንጋጌዎች እና የሀገራት መብቶች አልዋቸው ።,Unknown,Unknown,,0.0,0.006358146667480469,1.0,1.0,1.0
000875_ameha.wav,Dataset_4.0h/audio/000875_ameha.wav,የፍርድ ቤት ውሳኔ አፈጻጸም ሂደት ውስጥ ተበዳሪው መክፈል ያለበትን ገንዘብ ለመክፈል ፈቃደኛ ካልሆነ እና ንብረቶቹን ሁሉ ለሌላ ሰው አሳልፎ ከሰጠ ፍርድ ቤቱ የተበዳሪውን የጉዞ እገዳ ሊጥልበት ይችላል ይህም ተበዳሪው እዳውን ሳይከፍል ከሀገር እንዳይወጣ ለመከላከል የሚደረግ እርምጃ ሲሆን በተጨማሪም ተበዳሪው ንብረቶቹን መልሶ ለእዳ መክፈያነት እንዲያቀርብ ወይም በምትኩ በቂ ዋስትና እንዲሰጥ ተገዶ ሊታዘዝ ይችላል እንዲሁም ትእዛዙን ካልፈጸመ በፍርድ ቤት መናቅ ወንጀል ተከሶ እስከ ስድስት ወር በሚደርስ ቀላል እስራት ሊቀጣ ይችላል እንዲሁም ተበዳሪው ንብረቱን የሸሸገው ወይም በሀሰት ለሌላ ሰው ያዛወረው መሆኑ ከተረጋገጠ ዝውውሩ ተሰርዞ ንብረቱ እንዲወረስ ይደረጋል ።,Unknown,Unknown,,0.0,0.013155937194824219,1.0,1.0,1.0
000562_mekdes.wav,Dataset_4.0h/audio/000562_mekdes.wav,የአስተዳደር መመሪያ ቁጥር ሰባት መቶ ሰማንያ ዘጠኝ እንደሚያሳየው ማንኛውም የመንግስት መስሪያ ቤት የውስጥ አሰራሩን የሚገልጽ ማንዋል ማዘጋጀት እና ለሰራተኞቹ ማሳወቅ እንዳለበት ይደነግጋል ።,Unknown,Unknown,,0.0,0.004268646240234375,1.0,1.0,1.0
000993_ameha.wav,Dataset_4.0h/audio/000993_ameha.wav,የቁጥጥር አካል ማለት በአንድ የተወሰነ ዘርፍ ህግን የማስፈጸም ስልጣን ያለው እና የህዝብን ጥቅም ለመጠበቅ የሚሰራ የመንግስት ተቋም ነው።,Unknown,Unknown,,0.0,0.0031349658966064453,1.0,1.0,1.0
000686_mekdes_aug1.wav,Dataset_4.0h/audio/000686_mekdes_aug1.wav,የህግ ድጋፍ ማለት ለፍርድ ቤት የመቅረብ አቅም ለሌላቸው ወይም የህግ እውቀት ለሌላቸው ግለሰቦች በመንግስት ወይም በበጎ አድራጎት ድርጅቶች የሚሰጥ የጠበቃ አገልግሎት ነው።,Unknown,Unknown,,0.0,0.0008211135864257812,1.0,1.0,1.0
000957_mekdes.wav,Dataset_4.0h/audio/000957_mekdes.wav,ፍርድ ቤቱ አንድን ክስ ውድቅ ሊያደርገው የሚችለው ክሱ በህግ ተቀባይነት የሌለው መሆኑ ሲረጋገጥ ወይም ከሳሹ ደጋግሞ በቀጠሮው ቀን ሳይቀርብ ሲቀር ወይም የቀረበው ክስ ምንም አይነት የህግ መሰረት የሌለው መሆኑን ዳኛው ሲረዳ ብቻ ነው ።,Unknown,Unknown,,0.0,0.004683017730712891,1.0,1.0,1.0
000189_mekdes_aug1.wav,Dataset_4.0h/audio/000189_mekdes_aug1.wav,የአቃቤ ህግ ምርመራ ቡድን ማንኛውንም የግል ንብረት ለመበርበር ከፈለገ አስቀድሞ ከፍርድ ቤት ህጋዊ ማዘዣ ማግኘት አለበት።,Unknown,Unknown,,0.0,0.0006849765777587891,1.0,1.0,1.0
000782_ameha_aug1.wav,Dataset_4.0h/audio/000782_ameha_aug1.wav,በስራ ቦታ የጤናና ደህንነት ጥበቃ የሚደረገው በህጉ በተደነገጉት መስፈርቶች መሰረት ሲሆን ጥሰቱ ከባድ ቅጣትን ያስከትላል።,Unknown,Unknown,,0.0,0.0006999969482421875,1.0,1.0,1.0
000975_mekdes_aug1.wav,Dataset_4.0h/audio/000975_mekdes_aug1.wav,የግብር ይግባኝ ሰሚ ጉባኤ የቀረበለትን አቤቱታ ተቀብሎ ውሳኔ ከመስጠቱ በፊት ግብር ከፋዩ መክፈል ያለበትን የግብር መጠን ሃምሳ በመቶ ማስያዝ እንዳለበት ህጉ ያስገድዳል ።,Unknown,Unknown,,0.0,0.0008599758148193359,1.0,1.0,1.0
000699_ameha.wav,Dataset_4.0h/audio/000699_ameha.wav,አንድ የመንግስት ግዥ ስነስርአት በአዋጅ ቁጥር አስር ሺህ ሶስት መቶ ሃያ ሁለት አንቀጽ አስራ ሁለት መሰረት ግልጽነትን ማረጋገጥ አለበት።,Unknown,Unknown,,0.0,0.0031270980834960938,1.0,1.0,1.0
000475_ameha.wav,Dataset_4.0h/audio/000475_ameha.wav,በሁለት መንግስታት መካከል የሚደረግ የድንበር ስምምነት ውጤታማ እንዲሆን እና በህግ ፊት ጸንቶ እንዲቆይ ከተፈለገ ስምምነቱ በሁለቱም ሀገራት ይፋዊ ጋዜጣ ላይ ታትሞ መውጣት ያለበት ሲሆን ይህም ሂደት ከተጠናቀቀ በኋላ በሰላሳ ቀናት ውስጥ ለአለም አቀፍ ድርጅት መመዝገብ እንዳለበት በግልጽ ተቀምጥዋል ።,Unknown,Unknown,,0.0,0.006167173385620117,1.0,1.0,1.0
000681_ameha_aug1.wav,Dataset_4.0h/audio/000681_ameha_aug1.wav,የወንጀል ድርጊት ተሳታፊ የነበረ ሰው በምርመራ ወቅት እውነቱን በመናገር እና ሌሎች ተባባሪዎችን በመጠቆም ለፍትህ መሳካት አስተዋጽኦ ካደረገ አቃቤ ህግ ቅጣቱ እንዲቀልለት ወይም ክሱ እንዲቋረጥለት ለፍርድ ቤት ማመልከቻ ሊያቀርብ ይችላል ይህም አሰራር በተለይ በተደራጁ ወንጀሎች እና በሙስና መዝገቦች ላይ ውጤታማ መሆኑ የታወቀ ሲሆን ሆኖም ግን ግለሰቡ የሰጠው መረጃ ትክክለኛ መሆኑ በሌሎች ማስረጃዎች መረጋገጥ ያለበት እና በሀሰት ሰውን ለመጉዳት የታሰበ መሆን እንደሌለበት ጥብቅ ቁጥጥር ይደረጋል ።,Unknown,Unknown,,0.0,0.0018999576568603516,1.0,1.0,1.0
000510_mekdes_aug1.wav,Dataset_4.0h/audio/000510_mekdes_aug1.wav,የመሬት ይዞታን ለኢንቨስትመንት የሚረከብ ድርጅት በውሉ ላይ በተቀመጠው ጊዜ ውስጥ ግንባታ ካልጀመረ መሬቱ ተመላሽ የሚደረግ ሲሆን የከፈለው ቅድመ ክፍያም ሊወረስ ይችላል ።,Unknown,Unknown,,0.0,0.00102996826171875,1.0,1.0,1.0
000058_mekdes.wav,Dataset_4.0h/audio/000058_mekdes.wav,የታክስ አስተዳደር አዋጅ ቁጥር ዘጠኝ መቶ ሰባ አምስት አንቀጽ ስድሳ አምስት አስር አንድ እንደሚደነግገው ማንኛውም ግብር ከፋይ የታክስ ባለስልጣኑ የሚሰጠውን የታክስ ማሳወቂያ ደብዳቤ አላግባብ ነው ብሎ ካመነ በሰላሳ ቀናት ውስጥ በጽሁፍ ቅሬታውን የማቅረብ መብት ያለው ሲሆን ባለስልጣኑም ለቅሬታው ምላሽ የመስጠት ግዴታ እንዳለበት ይታወቃል ።,Unknown,Unknown,,0.0,0.006398439407348633,1.0,1.0,1.0
000474_ameha_aug1.wav,Dataset_4.0h/audio/000474_ameha_aug1.wav,የውል መሰረዝ በፍርድ ቤት ትእዛዝ በህጉ አንቀጽ አራት መቶ አርባ ሶስት መሰረት ይፈጸማል።,Unknown,Unknown,,0.0,0.0005917549133300781,1.0,1.0,1.0
000560_ameha.wav,Dataset_4.0h/audio/000560_ameha.wav,የመሬት ይዞታ መብት የሚገኘው በመንግስት ከተሰጠ የመሬት ካርታ ወይም የይዞታ ሰነድ ሲሆን ይህ ሰነድ የመሬቱን ወሰን እና የባለቤቱን መብቶች በግልጽ ያስቀምጣል።,Unknown,Unknown,,0.0,0.0036001205444335938,1.0,1.0,1.0
000856_ameha.wav,Dataset_4.0h/audio/000856_ameha.wav,የገንዘብ ፖሊሲ መሳሪያዎች የሚከተሉትን ያካትታሉ አንደኛ የወለድ ምጣኔ ቁጥጥር ሁለተኛ የገንዘብ አቅርቦት ቁጥጥር ሶስተኛ የባንኮች ክምችት ምጣኔ ማስተካከያ እና አራተኛ የውጭ ምንዛሪ ቁጥጥር ናቸው።,Unknown,Unknown,,0.0,0.0044460296630859375,1.0,1.0,1.0
000747_mekdes_aug1.wav,Dataset_4.0h/audio/000747_mekdes_aug1.wav,የምስክርነት ጥበቃ ማለት በፍርድ ቤት ምስክርነት የሚሰጡ ሰዎች ከማንኛውም የበቀል እርምጃ ወይም ማስፈራሪያ እንዲጠበቁ የሚደረግ የመንግስት ድጋፍ ነው።,Unknown,Unknown,,0.0,0.0007688999176025391,1.0,1.0,1.0
000252_mekdes.wav,Dataset_4.0h/audio/000252_mekdes.wav,ሰራተኛው ለአሰሪው በሰጠው አገልግሎት ምክንያት የሚከፈለው የትርፍ ሰአት ክፍያ የሚሰላው በመደበኛ የስራ ሰአት ከሚከፈለው ደመወዝ ላይ ተመስርቶ ሲሆን ይህም ክፍያ በሳምንት ከሃያ ሰአት መብለጥ እንደሌለበት እና በበአላት ቀናት የሚሰራ ስራ ደግሞ እጥፍ ክፍያ እንደሚኖረው ተመልክትዋል ።,Unknown,Unknown,,0.0,0.005448102951049805,1.0,1.0,1.0
000021_mekdes_aug1.wav,Dataset_4.0h/audio/000021_mekdes_aug1.wav,ሁለት መቶ ሰባ ስምንት። የዜጎች የንብረት ባለቤትነት መብት በህገ መንግስቱ የተጠበቀ ሲሆን በህግ ሊወሰድ የሚችለው ለህዝብ ጥቅም እና በቂ ካሳ ከተከፈለ በኋላ ብቻ ነው።,Unknown,Unknown,,0.0,0.0008389949798583984,1.0,1.0,1.0
000313_mekdes_aug1.wav,Dataset_4.0h/audio/000313_mekdes_aug1.wav,የሽያጭ ክፍያ ማለት በሽያጭ ውል መሰረት የሚከፈለው አጠቃላይ ገንዘብ ማለት ነው።,Unknown,Unknown,,0.0,0.0005319118499755859,1.0,1.0,1.0
000459_gtts.wav,Dataset_4.0h/audio/000459_gtts.wav,የባንክ ብድር ውል ስምምነት በሚፈረምበት ወቅት ተበዳሪው የመያዣ ንብረቱን በትክክል ካላስመዘገበ እና የብድር መክፈያ ጊዜው ካለፈ በኋላ ንብረቱን ለመሸጥ እንቅፋት ከፈጠረ ባንኩ በፍርድ ቤት በኩል ንብረቱን እንዲታገድ የመጠየቅ መብት አለው ።,Unknown,Unknown,,0.0,0.006895780563354492,1.0,1.0,1.0
000160_mekdes.wav,Dataset_4.0h/audio/000160_mekdes.wav,አንድ መቶ ዘጠና አራት። የፌዴራል መንግስት የውጭ ጉዳይ እና የብሄራዊ መከላከያ ስልጣን ያለው ሲሆን ክልሎች የራሳቸውን የውጭ ጉዳይ መምሪያ ማቋቋም አይችሉም።,Unknown,Unknown,,0.0,0.0035669803619384766,1.0,1.0,1.0
000276_mekdes.wav,Dataset_4.0h/audio/000276_mekdes.wav,የመድን ሰጪው ግዴታዎች ጉዳት ሲደርስ የካሳ ክፍያውን በውሉ መሰረት መክፈል እና ለተጠቃሚው ስለ ኢንሹራንስ ፖሊሲው ግልጽ መረጃ መስጠት ሲሆኑ እነዚህን ግዴታዎች ሳይወጣ ቢቀር ለሚደርሰው መዘግየት ወለድ እንዲከፍል ይገደዳል ።,Unknown,Unknown,,0.0,0.0046977996826171875,1.0,1.0,1.0
000955_ameha.wav,Dataset_4.0h/audio/000955_ameha.wav,የአስተዳደር ውሳኔዎች ፍትሃዊነት በአዋጅ ቁጥር ዘጠኝ መቶ ሃያ ስምንት አንቀጽ ሰላሳ ስድስት መሰረት ሊገመገም ይችላል።,Unknown,Unknown,,0.0,0.002836942672729492,1.0,1.0,1.0
000191_ameha_aug1.wav,Dataset_4.0h/audio/000191_ameha_aug1.wav,የጋራ ንብረት ክፍፍል የሚደረገው በትዳር ወቅት የተፈራው ሀብት በሁለቱም ስም የተመዘገበ ቢሆንም ባይሆንም እኩል እንዲካፈሉ በሚያዘው የቤተሰብ ህግ መሰረት ሲሆን ሆኖም ግን አንደኛው ወገን ንብረቱን ከጋብቻ በፊት ማግኘቱን ካስረዳ ያ ንብረት በክፍፍሉ ውስጥ አይካተትም ።,Unknown,Unknown,,0.0,0.0011379718780517578,1.0,1.0,1.0
000385_ameha.wav,Dataset_4.0h/audio/000385_ameha.wav,በቤተሰብ ህግ መሰረት የተሰጠ የልጆች የመጎብኘት መብት በህግ የተጠበቀ ሲሆን ማንኛውም ጥሰት የህግ እርምጃን ያስከትላል።,Unknown,Unknown,,0.0,0.0028488636016845703,1.0,1.0,1.0
000805_ameha_aug1.wav,Dataset_4.0h/audio/000805_ameha_aug1.wav,የግንባታ ፍቃድ ለማግኘት አራት መሰረታዊ መስፈርቶች አሉ እነርሱም የባለቤትነት ማረጋገጫ የህንጻ እቅድ የአካባቢ ጥበቃ ፍቃድ እና የሶስት የግንባታ ምህንድስና ሰርተፊኬቶች ናቸው።,Unknown,Unknown,,0.0,0.0008778572082519531,1.0,1.0,1.0
000413_ameha.wav,Dataset_4.0h/audio/000413_ameha.wav,የሰራተኛ ማህበር የስራ ሁኔታዎችን የሚመለከት ቅሬታ ካለው ቅሬታውን በአስር ቀናት ውስጥ ለአሰሪው የማቅረብ ግዴታ አለበት።,Unknown,Unknown,,0.0,0.002876758575439453,1.0,1.0,1.0
000491_mekdes.wav,Dataset_4.0h/audio/000491_mekdes.wav,ማንኛውም የአስተዳደር አካል ተግባሩን ሲያከናውን ህግን የሚጥስ ወይም ስልጣኑን ያለአግባብ የሚጠቀም ከሆነ በህግ ተጠያቂ ይሆናል።,Unknown,Unknown,,0.0,0.0028438568115234375,1.0,1.0,1.0
000343_mekdes.wav,Dataset_4.0h/audio/000343_mekdes.wav,አንድ የንግድ ድርጅት የትርፍ ግብር ስሌቱን በሚያዘጋጅበት ወቅት ለሰራተኞች የከፈለው የጉዞ እና የመስተንግዶ ወጪ ከገቢ ግብር ህጉ ጋር የሚጣጣም መሆን ያለበት ሲሆን ወጪው ከተቀመጠው ገደብ በላይ ከሆነ ባለስልጣኑ ወጪውን ውድቅ የማድረግ እና በዚያ መጠን ላይ ግብር የመጣል ስልጣን እንዳለው በገቢ ግብር መመሪያው ላይ ተገልጽዋል ።,Unknown,Unknown,,0.0,0.006340980529785156,1.0,1.0,1.0
000769_ameha_aug1.wav,Dataset_4.0h/audio/000769_ameha_aug1.wav,የግብር ይግባኝ ኮሚሽን ስልጣን በታክስ ባለስልጣን የተወሰነውን የግብር መጠን ቅሬታ የቀረበበትን መርምሮ ውሳኔ መስጠት ሲሆን ከፋዩ ይግባኙን ከማቅረቡ በፊት መከፈል ያለበትን ግብር ግማሹን ማስያዝ እንዳለበት እና ውሳኔውም በሰላሳ ቀናት ውስጥ መ መሰጠት እንዳለበት ይታወቃል ።,Unknown,Unknown,,0.0,0.0012600421905517578,1.0,1.0,1.0
000308_mekdes.wav,Dataset_4.0h/audio/000308_mekdes.wav,የባንክ ፈቃድ ለማግኘት የሚከተሉት ቅድመ ሁኔታዎች መምዋላት አለባቸው አንደኛ የተከፈለ ካፒታል መጠን አምስት ቢሊዮን መድረሱ ሁለተኛ የአስተዳደር ቦርድ አባላት ብቃት ሶስተኛ የቴክኖሎጂ መሰረተ ልማት እና አራተኛ የአደጋ መከላከያ ስርአት መኖሩ ነው ።,Unknown,Unknown,,0.0,0.005347013473510742,1.0,1.0,1.0
000661_mekdes.wav,Dataset_4.0h/audio/000661_mekdes.wav,በዚህ የትራንስፖርት ደህንነት ስምምነት መሰረት አባል ሀገራቱ በመንገድ እና በባቡር ትራንስፖርት ላይ የሚከሰቱ አደጋዎችን ለመቀነስ የደህንነት መስፈርቶችን ወጥ ለማድረግ እና መረጃ ለመለዋወጥ የተስማሙ ሲሆን ይህም ደህንነቱ የተጠበቀ የትራንስፖርት አገልግሎት እንዲኖር ይረዳል ።,Unknown,Unknown,,0.0,0.0054247379302978516,1.0,1.0,1.0
000130_ameha.wav,Dataset_4.0h/audio/000130_ameha.wav,አንድ የህግ ድንጋጌ ግልጽ ካልሆነ እና በተለያዩ መንገዶች ሊተረጎም የሚችል ከሆነ ፍርድ ቤቱ ትርጓሜውን የመስጠት ስልጣን አለው።,Unknown,Unknown,,0.0,0.003226041793823242,1.0,1.0,1.0
000663_ameha.wav,Dataset_4.0h/audio/000663_ameha.wav,አንድ ዳኛ በጉዳዩ ላይ ተገቢውን ትኩረት ካልሰጠ እና ያለ አግባብ ውሳኔ ከሰጠ የዳኝነት ስህተት ሊሆን ይችላል።,Unknown,Unknown,,0.0,0.002724885940551758,1.0,1.0,1.0
000871_ameha_aug1.wav,Dataset_4.0h/audio/000871_ameha_aug1.wav,የህዝብ አገልግሎት አቅርቦት ግልጽነት እና ፍትሃዊነት የጎደለው ከሆነ ቅሬታ አቅራቢዎች ወደ አስተዳደር ፍርድ ቤቶች በመሄድ መፍትሄ ማግኘት ይችላሉ።,Unknown,Unknown,,0.0,0.0007979869842529297,1.0,1.0,1.0
000087_mekdes.wav,Dataset_4.0h/audio/000087_mekdes.wav,ይህ የወንጀል ፍትህ አስተዳደር ስርአት በህገመንግስቱ እና በሌሎች አግባብነት ባላቸው ህጎች መሰረት የሚመራ ነው።,Unknown,Unknown,,0.0,0.002590179443359375,1.0,1.0,1.0
000330_mekdes.wav,Dataset_4.0h/audio/000330_mekdes.wav,የወንጀል ፍትህ ስርአት እያንዳንዱን ተከሳሽ ንጹህ የማስመሰል ግዴታ ባይኖርበትም የመከላከያ መብቱን ግን ማክበር አለበት።,Unknown,Unknown,,0.0,0.0028378963470458984,1.0,1.0,1.0
000466_gtts.wav,Dataset_4.0h/audio/000466_gtts.wav,የትራንስፖርት ባለስልጣን የሚሰጣቸው አገልግሎቶች የሚከተሉትን ያጠቃልላሉ አንደኛ የተሽከርካሪ ምዝገባ ሁለተኛ የመንጃ ፍቃድ አሰጣጥ ሶስተኛ የህዝብ ትራንስፖርት ፍቃድ እና አራተኛ የመንገድ ደህንነት ቁጥጥር።,Unknown,Unknown,,0.0,0.00625300407409668,1.0,1.0,1.0
000121_ameha_aug1.wav,Dataset_4.0h/audio/000121_ameha_aug1.wav,የይግባኝ አቤቱታ ከቀረበ በኋላ የፍርድ ቤቱ መዝገብ ቤት ይግባኙን ይመረምራል እና ህጋዊ መስፈርቶችን ማምዋላቱን ያረጋግጣል።,Unknown,Unknown,,0.0,0.0008058547973632812,1.0,1.0,1.0
000860_mekdes_aug1.wav,Dataset_4.0h/audio/000860_mekdes_aug1.wav,የይዞታ መብት ሽያጭ ውል በኖታሪ ፊት መፈረም ያለበት ሲሆን ሁለት ምስክሮችም መገኘት አለባቸው።,Unknown,Unknown,,0.0,0.0006251335144042969,1.0,1.0,1.0
