file_name,transcription
000287_ameha.wav,የፌደራል የከተማ ልማት ሚኒስቴር የከተማ ፕላን መመሪያዎች የሚከተሉትን ያካትታሉ አንደኛ የመሬት አጠቃቀም እቅድ ሁለተኛ የከተማ መሰረተ ልማት ሶስተኛ የመኖሪያ ቤቶች ልማት አራተኛ የኢንዱስትሪ ዞኖች እና አምስተኛ የአረንጓዴ ቦታዎች።
000329_ameha.wav,የፋይናንስ ተቋም የብድር አገልግሎት ማለት ገንዘብ ለግለሰቦችና ለድርጅቶች ማበደር።
000323_gtts_aug1.wav,በህጋዊ መንገድ የተቋቋመ አካል ለህዝብ አገልግሎት የሚሰጥ ከሆነ እና ለህብረተሰቡ ሰላም አስተዋጽኦ የሚያደርግ ከሆነ ከመንግስት ልዩ ድጋፍ ሊያገኝ ይችላል።
000145_ameha_aug1.wav,አንድ ግብር ከፋይ የታክስ ክሬዲት ማግኘቱን ካላረጋገጠ እና ተገቢውን ማስረጃ ካላቀረበ ክሬዲቱ አይፈቀድለትም።
000055_ameha_aug1.wav,የቅጥር ውሉ ከተቋረጠ በኋላ ሰራተኛው ለአንድ አመት በሌላ ተፎካካሪ ድርጅት ውስጥ መስራት እንደሌለበት ስምምነት ካለ የህግ አስገዳጅነት ይኖረዋል።
000093_ameha_aug1.wav,የውጭ ጉዳይ ሚኒስቴር በአለም አቀፍ መድረኮች ላይ የሀገሪቱን ብሄራዊ ጥቅም ለማስጠበቅ እና ከሌሎች ሀገራት ጋር ያለውን ዲፕሎማሲያዊ ግንኙነት ለማሳደግ የሚከተላቸው ፖሊሲዎች ሁሉ ከአለም አቀፍ ህግ እና ከሀገሪቱ ህገ መንግስት ጋር የተጣጣሙ መሆናቸውን እና ለሰላም ቅድሚያ የሚሰጡ መሆናቸውን ያረጋግጣል ።
000340_mekdes.wav,የመንግስት ሰራተኛ የዲሲፕሊን ክስ የሚቀርበው ጥፋቱ በታወቀ በስድስት ወራት ውስጥ መሆን ያለበት ሲሆን ከአንድ አመት በላይ የቆየ ጥፋት በይርጋ የታገደ እንደሚሆን በህጉ ተገልጽዋል ።
000082_ameha_aug1.wav,የፍርድ ቤት ውሳኔ በሚሰጥበት ጊዜ ዳኞች የሚከተሉትን ነጥቦች ግምት ውስጥ ማስገባት አለባቸው አንደኛ የቀረቡ ማስረጃዎች ክብደት ሁለተኛ የህግ ድንጋጌዎች ትርጓሜ ሶስተኛ የግራ ቀኙ ክርክር ምክንያታዊነት እና አራተኛ የጉዳዩ ማህበራዊ አንድምታ ሲሆኑ እያንዳንዳቸው እኩል ክብደት አላቸው።
000365_gtts.wav,የአስተዳደር ቅሬታ ሰሚ አካላት ውሳኔ ሲሰጡ የሁለቱንም ወገኖች መከራከሪያ በጥልቀት መርምረው ውሳኔውን በጽሁፍ ማሳወቅ አለባቸው።
000148_mekdes.wav,የውል ረቂቅ ማለት በመጨረሻው ውል ከመፈረሙ በፊት የሚዘጋጅ የመጀመሪያ ስምምነት ማለት ነው።
000292_mekdes.wav,የአለም አቀፍ የጤና ጥበቃ ድርጅት መመሪያዎች ማለት አዳዲስ መድሃኒቶች ለገበያ ከመቅረባቸው በፊት ሊያልፍዋቸው የሚገቡ የጥራት እና የደህንነት ምርመራዎችን የሚወስን ህጋዊ ሰነድ ሲሆን ይህም የህዝብን ጤና ከአደገኛ መድሃኒቶች ለመጠበቅ የሚረዳ የህግ ድንጋጌ ነው ።
000208_ameha_aug1.wav,የማይንቀሳቀስ ንብረት ሽያጭ ውል በጽሁፍ ከተዘጋጀ እና በፍርድ ቤት ወይም በሌላ ስልጣን ባለው አካል ከተረጋገጠ በስተቀር የህግ ውጤት የለውም ሲል የፍትሀብሄር ህግ አንቀጽ ሁለት ሺህ አንድ መቶ ሃያ ስምንት በግልጽ ያስቀምጣል።
000033_mekdes_aug1.wav,የአስተዳደር አካላት መመሪያዎችን ሲያወጡ የህዝብን ተሳትፎ ማረጋገጥ ያለባቸው ሲሆን መመሪያው ከመጽደቁ በፊት ለውይይት መቅረብ እና የሰዎች አስተያየት መካተት እንዳለበት ህጉ ያስገድዳል ።
000090_mekdes_aug1.wav,የንግድ መዝገብ መረጃዎች ለህዝብ ግልጽ መሆን ያለባቸው ሲሆን ማንኛውም ሰው ስለ አንድ ድርጅት ህጋዊነት ወይም ስለ ስራ አስኪያጁ ስልጣን ለማረጋገጥ መረጃውን የመጠየቅ መብት አለው ይህ አሰራር በንግድ ስራ ውስጥ ግልጽነትን ለመፍጠር ይረዳል ።
000366_gtts_aug1.wav,የአስተዳደር ቅሬታ ሰሚ አካላት ውሳኔ ሲሰጡ የሁለቱንም ወገኖች መከራከሪያ በጥልቀት መርምረው ውሳኔውን በጽሁፍ ማሳወቅ አለባቸው።
000360_gtts.wav,የፍርድ ቤት የመዳኘት ሂደት በግልጽና በግልጽነት መካሄድ ያለበት በመሆኑ ለህዝብ ክፍት የሆነ ችሎት ማካሄድ ያስፈልጋል።
000253_ameha_aug1.wav,የህግ ውክልና ዋና ዋና ግዴታዎች የሚከተሉት ናቸው አንደኛ የደንበኛውን ጥቅም መጠበቅ ሁለተኛ ሚስጥራዊነትን ማክበር ሶስተኛ የህግ ምክር መስጠት እና አራተኛ በፍርድ ቤት መወከል የሚሉት ናቸው።
000113_mekdes.wav,ይህንን አንቀጽ መሰረት በማድረግ ለውል መጣስ የተስማማው የኪሳራ ካሳ ሁለት ሺህ ብር ይሆናል።
000338_gtts.wav,የፍርድ ቤት ትእዛዝ ማለት ፍርድ ቤቱ በአንድ ጉዳይ ላይ የሚሰጠው ህጋዊ መመሪያ ሲሆን ይህም ተዋዋይ ወገኖች የተወሰነ እርምጃ እንዲወስዱ ወይም እንዲከለከሉ የሚያስገድድ ነው።
000108_ameha_aug1.wav,የኪራይ ውል ማቋረጥ ማለት ውሉ በሁለቱም ወገኖች ስምምነት ወይም በአንደኛው ወገን የውል ግዴታ ባለመፈጸሙ ምክንያት ውሉ የህግ ውጤት የሌለው መሆን ማለት ነው።
000015_mekdes.wav,የህዝብ ሰራተኞች በስራቸው ላይ በፈጸሙት ሙስና ወንጀል ከተከሰሱ ከሃያ አመት በላይ በሚደርስ ጽኑ እስራት ሊቀጡ ይችላሉ።
000141_mekdes.wav,የውል ማስረጃ ማለት በውል ክርክር ውስጥ የውሉን ህጋዊነት የሚያረጋግጥ ማስረጃ ማለት ነው።
000173_ameha.wav,የኪራይ ዋጋ ጭማሪ የሚደረገው በውሉ መሰረት ወይም በህጉ በተቀመጠው ገደብ ውስጥ መሆን አለበት እንጂ ያለበቂ ምክንያት የሚደረግ የዋጋ ጭማሪ የህግ እውቅና የለውም።
000000_mekdes.wav,የአለም አቀፍ የባህል ቅርሶች ዝውውር ቁጥጥር ስምምነት ማለት በህገ ወጥ መንገድ የወጡ ቅርሶችን ወደ ነበሩበት ሀገር ለመመለስ እና የቅርሶችን ደህንነት ለመጠበቅ የሚረዱ ደንቦች ስብስብ ሲሆን ይህም የሀገራትን ታሪካዊ ቅርስ እና ባህላዊ ማንነት ለመጠበቅ ወሳኝ እርምጃ ነው ።
000076_ameha.wav,የህገመንግስታዊ ስርአቱ ዋስትና ህግ አውጪው አስፈጻሚው እና የፍትህ አካላት የየራሳቸውን ሚና በሀቀኝነት ሲወጡ ነው።
000192_ameha_aug1.wav,የሰበር ሰሚ ችሎት ማለት የዝቅተኛ ፍርድ ቤት ውሳኔዎችን ህጋዊነት የሚፈትሽ ከፍተኛው የፍርድ አካል ነው።
000025_ameha_aug1.wav,የአለም አቀፍ የንግድ ስምምነት መሰረት ማንኛውም አባል ሀገር በሌላው አባል ሀገር ላይ የሚጥለው የታሪፍ ገደብ ከአለም የንግድ ድርጅት ህግጋት ጋር የማይቃረን መሆኑን ማረጋገጥ ያለበት ሲሆን ይህ ካልሆነ ግን ጉዳዩ ለሽምግልና ዳኝነት መቅረብ ይኖርበታል ።
000361_gtts_aug1.wav,የፍርድ ቤት የመዳኘት ሂደት በግልጽና በግልጽነት መካሄድ ያለበት በመሆኑ ለህዝብ ክፍት የሆነ ችሎት ማካሄድ ያስፈልጋል።
000009_ameha_aug1.wav,የህግ ስብእና ማለት አንድ አካል እንደ ግለሰብ ወይም ኩባንያ የራሱ መብቶች እና ግዴታዎች እንዲኖሩት የሚያስችለው ህጋዊ ሁኔታ ሲሆን ይህም ውል የመዋዋል ብቃትን ያካትታል።
000116_mekdes_aug1.wav,ስልሳ ስድስት። የመንግስት ንብረት አስተዳደር ህግ የመንግስት ንብረቶችን በአግባቡ ለመጠቀም እና ብክነትን ለመከላከል የሚያስችሉ ደንቦችን ያስቀምጣል።
000229_ameha.wav,ይህ ደንብ የመንግስት አካላት ለተሰጣቸው ስልጣን ሙሉ በሙሉ ተጠያቂ መሆናቸውን ያረጋግጣል።
000140_ameha_aug1.wav,የቤተሰብ ንብረት ማስተዳደር ማለት በትዳር ውስጥ የተገኘ ንብረትን በሁለቱም የትዳር አጋሮች ፍቃድ ብቻ ማስተላለፍ የሚቻልበት ህግ ማለት ነው።
000210_gtts_aug1.wav,ተከሳሹ በምርመራ ወቅት የሰጠው የእምነት ቃል በግዴታ ወይም በማስፈራራት የተገኘ መሆኑን ካስረዳ እና ይህም ድርጊት መፈጸሙን የሚያረጋግጥ የህክምና ማስረጃ ወይም የሰው ምስክር ካቀረበ ፍርድ ቤቱ በግዴታ የተገኘን ቃል እንደ ማስረጃ አይቀበለውም ።
000042_ameha.wav,አንድ ግብር ከፋይ አመታዊ የታክስ ሪፖርቱን በሰአቱ ካላቀረበ ወይም የተምዋላ መረጃ ካልያዘ ለተጨማሪ ምርመራ ሊቀርብ ይችላል።
000078_ameha.wav,በሀገሪቱ ህገ መንግስት መሰረት እያንዳንዱ ዜጋ የህግ ጥበቃ የማግኘት እና በፍርድ ቤት የመቅረብ መብት አለው።
000039_mekdes_aug1.wav,የክርክር ጭብጥ ማለት በከሳሽ እና በተከሳሽ መካከል ልዩነት የተፈጠረበት እና በፍርድ ቤት ውሳኔ ሊሰጥበት የሚገባው መሰረታዊ የህግ ወይም የፍሬ ነገር ነጥብ ሲሆን ዳኛው ክርክሩን የሚመራው እና ውሳኔ የሚሰጠው በዚህ ጭብጥ ላይ ተመስርቶ ይሆናል ።
000046_ameha.wav,የፌደራልና የክልል መንግስታት በህገመንግስቱ በተደነገገው የስልጣን ክፍፍል መሰረት በየራሳቸው የስልጣን ወሰን ውስጥ መስራት ይገባቸዋል።
000374_ameha.wav,የአክሲዮን ኩባንያ በህግ የተደነገገውን የመረጃ ይፋ የማድረግ ግዴታውን ካልተወጣና ባለአክሲዮኖችን በጊዜው ካላሳወቀ የአክሲዮን ግብይቶቹ የመታገድ እድል ይኖረዋል።
000104_ameha_aug1.wav,በሀገራት መካከል የሚደረጉ የኤክስትራዲሽን ወይም አሳልፎ የመስጠት ስምምነቶች ወንጀለኞች ከአንድ ሀገር ወደ ሌላ ሀገር በመሸሽ ከህግ ተጠያቂነት እንዳያመልጡ ለማድረግ የሚረዱ ሲሆን ይህም የአለም አቀፍ የፍትህ ስርአትን ለማጠናከር እና የወንጀል ድርጊቶችን ለመቀነስ የሚደረገው ጥረት አካል መሆኑን ይታወቃል ።
000124_mekdes_aug1.wav,የታክስ አስተዳደር አዋጅ ቁጥር ዘጠኝ መቶ ሰባ አምስት አንቀጽ ሰማኒያ ሶስት አስር አንድ እንደሚደነግገው ማንኛውም ግብር ከፋይ የታክስ ባለስልጣኑ የሚሰጠውን የታክስ ውሳኔ ከተቀበለ በኋላ ግብሩን በወቅቱ ካልከፈለ ባለስልጣኑ የግብር ከፋዩን ንብረት አግዶ በመሸጥ እዳውን የመሰብሰብ ስልጣኑን ተግባራዊ ለማድረግ የፍርድ ቤት ትእዛዝ አያስፈልገውም ።
000232_mekdes_aug1.wav,የታክስ አስተዳደር አዋጅ ቁጥር ዘጠኝ መቶ ሰባ አምስት አንቀጽ ስድሳ አስር አምስት እንደሚያመለክተው ማንኛውም ግብር ከፋይ የታክስ ባለስልጣኑ የሚሰጠውን የታክስ ማሳወቂያ ደብዳቤ ከተቀበለ በኋላ ባሉት ሰላሳ ቀናት ውስጥ ግብሩን የመክፈል ወይም ቅሬታ የመንግስት መብቱ የተጠበቀ ቢሆንም እነዚህን ሳያደርግ ቢቀር ግን ንብረቱ ሊታገድ ይችላል ።
000022_mekdes_aug1.wav,ሁለት መቶ ሰባ ስምንት። የዜጎች የንብረት ባለቤትነት መብት በህገ መንግስቱ የተጠበቀ ሲሆን በህግ ሊወሰድ የሚችለው ለህዝብ ጥቅም እና በቂ ካሳ ከተከፈለ በኋላ ብቻ ነው።
000031_ameha_aug1.wav,የሰራተኛው የሙከራ ጊዜ በህጉ በተደነገገው ጊዜ ውስጥ መሆን ያለበት ሲሆን ከዚህ በላይ መሆን አይፈቀድም።
000073_ameha.wav,ማንኛውም የውል ማሻሻያ በጽሁፍ ካልተደረገ እና በሁለቱም ተዋዋይ ወገኖች ካልተፈረመ የመጀመሪያው ውል እንደጸና ይቆያል።
000245_mekdes.wav,የህግ አስከባሪ አካላት ተጠርጣሪን ሲያስሩ ህገመንግስታዊ መብቶቹን መናገር ያለባቸው ሲሆን ይህም ለፍትሃዊ የፍርድ ሂደት ወሳኝ ነው።
000077_ameha_aug1.wav,የህገመንግስታዊ ስርአቱ ዋስትና ህግ አውጪው አስፈጻሚው እና የፍትህ አካላት የየራሳቸውን ሚና በሀቀኝነት ሲወጡ ነው።
000030_ameha.wav,የሰራተኛው የሙከራ ጊዜ በህጉ በተደነገገው ጊዜ ውስጥ መሆን ያለበት ሲሆን ከዚህ በላይ መሆን አይፈቀድም።
000056_mekdes.wav,የታክስ አስተዳደር አዋጅ ቁጥር ዘጠኝ መቶ ሰባ አምስት አንቀጽ ስድሳ አምስት አስር አንድ እንደሚደነግገው ማንኛውም ግብር ከፋይ የታክስ ባለስልጣኑ የሚሰጠውን የታክስ ማሳወቂያ ደብዳቤ አላግባብ ነው ብሎ ካመነ በሰላሳ ቀናት ውስጥ በጽሁፍ ቅሬታውን የማቅረብ መብት ያለው ሲሆን ባለስልጣኑም ለቅሬታው ምላሽ የመስጠት ግዴታ እንዳለበት ይታወቃል ።
000326_ameha_aug1.wav,የፌደራል የባንኮች አዋጅ የሚከተሉትን ዋና ዋና ድንጋጌዎች ይዝዋል አንደኛ የባንክ ፍቃድ አሰጣጥ ሁለተኛ የባንክ ካፒታል መስፈርት ሶስተኛ የባንክ አገልግሎቶች አራተኛ የባንክ ቁጥጥር እና አምስተኛ የባንክ ፈሳሽነት።
000057_mekdes_aug1.wav,የታክስ አስተዳደር አዋጅ ቁጥር ዘጠኝ መቶ ሰባ አምስት አንቀጽ ስድሳ አምስት አስር አንድ እንደሚደነግገው ማንኛውም ግብር ከፋይ የታክስ ባለስልጣኑ የሚሰጠውን የታክስ ማሳወቂያ ደብዳቤ አላግባብ ነው ብሎ ካመነ በሰላሳ ቀናት ውስጥ በጽሁፍ ቅሬታውን የማቅረብ መብት ያለው ሲሆን ባለስልጣኑም ለቅሬታው ምላሽ የመስጠት ግዴታ እንዳለበት ይታወቃል ።
000118_ameha_aug1.wav,የይግባኝ አቤቱታ ከቀረበ በኋላ የፍርድ ቤቱ መዝገብ ቤት ይግባኙን ይመረምራል እና ህጋዊ መስፈርቶችን ማምዋላቱን ያረጋግጣል።
000237_gtts.wav,በአንቀጽ ዘጠኝ መቶ አስራ አምስት መሰረት ማንኛውም አይነት የንግድ ውል ሊፈርስ የሚችለው በሁለቱም ወገኖች ስምምነት ወይም አንደኛው ወገን የውሉን ድንጋጌዎች በመጣሱ ምክንያት በፍርድ ቤት ውሳኔ ሲሰጥ ብቻ ነው ።
000310_mekdes.wav,የአቃቤ ህግ ክርክር ሲያቀርብ የሚከተሉትን ነጥቦች ማረጋገጥ አለበት አንደኛ ወንጀሉ መፈጸሙን ሁለተኛ ወንጀሉን የተፈጸመው በተከሳሹ መሆኑን ሶስተኛ ወንጀሉን ለመፈጸም የጥፋተኝነት ሃሳብ እንደነበረ እና አራተኛ የተገኘው ማስረጃ ጠንካራ መሆኑን።
000290_gtts.wav,የአክሲዮን ማህበር መስራቾች የሚባሉት መመስረቻ ጽሁፉን የፈረሙ እና የኩባንያውን ምስረታ ሂደት በበላይነት የመሩት ሲሆን እነዚህ ሰዎች ኩባንያው ህጋዊ ሰውነት እስኪያገኝ ድረስ ለሚደረጉ ውሎች በጋራ እና በተናጠል ተጠያቂ ይሆናሉ ።
000005_ameha_aug1.wav,የፍትህ ስርአቱ በሀገሪቱ የህግ የበላይነትን ለማስጠበቅ እና የዜጎችን መብትና ጥቅም ለማስጠበቅ ወሳኝ ሚና ይጫወታል።
000172_gtts_aug1.wav,በአንቀጽ አራት መቶ ሰላሳ ሁለት መሰረት ማንኛውም ሰው በሌላው ላይ የሀሰት ክስ መስርቶ ክብሩን ከነካ ወይም ከስራው እንዲሰናበት ካደረገ የደረሰውን የገቢ ማጣት ጉዳት እና የሞራል ጉዳት የመካስ ግዴታ አለበት ።
000045_mekdes_aug1.wav,የፍርድ ቤት ውሳኔ አፈጻጸም ላይ የሚሳተፉ የሀራጅ ተጫራቾች ምንም አይነት የጥቅም ግጭት የሌለባቸው መሆን ያለባቸው ሲሆን በጨረታው ሂደት ላይ የሚፈጸም ማንኛውም ህገ ወጥ ስምምነት ወይም ማጭበርበር ጨረታውን ሙሉ በሙሉ የሚያሰርዝ እና ተጫራቾቹን በወንጀል ተጠያቂ የሚያደርግ ተግባር ነው ።
000242_mekdes_aug1.wav,የፍትሀ ብሄር ሃላፊነት ማለት አንድ ሰው በፈጸመው ስህተት ወይም በግዴታ መተላለፍ ምክንያት በሌላ ሰው ላይ ጉዳት ሲያደርስ ለደረሰው ጉዳት ተጠያቂ የሚሆንበት ህጋዊ መርህ ነው።
000072_mekdes_aug1.wav,የአስተዳደር ህግ ጥሰት የፈጸመ ባለስልጣን በህግ ተጠያቂ የሚሆን ሲሆን ይህ የህግ የበላይነትን ያጠናክራል እና ለመልካም አስተዳደር ወሳኝ ነው።
000114_mekdes_aug1.wav,ይህንን አንቀጽ መሰረት በማድረግ ለውል መጣስ የተስማማው የኪሳራ ካሳ ሁለት ሺህ ብር ይሆናል።
000225_ameha.wav,የፍርድ ቤት ውሳኔ ከመሰጠቱ በፊት ዳኛው የሁለቱንም ወገኖች ክርክር እና የቀረቡትን ማስረጃዎች በጥንቃቄ መመዘን ይኖርበታል።
000177_ameha.wav,የስራ ስንብት ካሳ ማለት አሰሪው ሰራተኛውን በህገ ወጥ መንገድ ሲያሰናብት ለሰራተኛው የሚከፍለው በህጉ የተደነገገ የገንዘብ ማካካሻ ማለት ነው።
000376_gtts.wav,የሃይል ማመንጫ ፕሮጀክት ሲፈቀድ የአካባቢ ተጽእኖ ግምገማው በብቃት ባለሙያዎች መከናወን አለበት እና ውጤቱ ለህዝብ ግልጽ መሆን አለበት።
000238_gtts_aug1.wav,በአንቀጽ ዘጠኝ መቶ አስራ አምስት መሰረት ማንኛውም አይነት የንግድ ውል ሊፈርስ የሚችለው በሁለቱም ወገኖች ስምምነት ወይም አንደኛው ወገን የውሉን ድንጋጌዎች በመጣሱ ምክንያት በፍርድ ቤት ውሳኔ ሲሰጥ ብቻ ነው ።
000246_mekdes.wav,ሰራተኛው ለአሰሪው በሰጠው አገልግሎት ምክንያት የሚከፈለው የትርፍ ሰአት ክፍያ የሚሰላው በመደበኛ የስራ ሰአት ከሚከፈለው ደመወዝ ላይ ተመስርቶ ሲሆን ይህም ክፍያ በሳምንት ከሃያ ሰአት መብለጥ እንደሌለበት እና በበአላት ቀናት የሚሰራ ስራ ደግሞ እጥፍ ክፍያ እንደሚኖረው ተመልክትዋል ።
000003_ameha_aug1.wav,የፌደራል ስርአት ዋነኛ ግብ የክልሎችን ማንነት እና ራስ ገዝ አስተዳደር ከማረጋገጥ ጎን ለጎን የአንድ ሀገር አንድነትን መጠበቅ ነው።
000247_mekdes_aug1.wav,ሰራተኛው ለአሰሪው በሰጠው አገልግሎት ምክንያት የሚከፈለው የትርፍ ሰአት ክፍያ የሚሰላው በመደበኛ የስራ ሰአት ከሚከፈለው ደመወዝ ላይ ተመስርቶ ሲሆን ይህም ክፍያ በሳምንት ከሃያ ሰአት መብለጥ እንደሌለበት እና በበአላት ቀናት የሚሰራ ስራ ደግሞ እጥፍ ክፍያ እንደሚኖረው ተመልክትዋል ።
000084_ameha.wav,አንድ የፍርድ ቤት ውሳኔ በሁለቱም ወገኖች ከተፈቀደ እና ይግባኝ ለማለት ምንም አይነት ፍላጎት ከሌለ ውሳኔው እንደ የመጨረሻ ይቆጠራል።
000355_gtts.wav,የክልል ኢንቨስትመንት ኮሚሽን በክልሉ ውስጥ የሚከናወኑ የኢንቨስትመንት ስራዎችን የመደገፍ እና የኢንቨስትመንት ፈቃድ የመስጠት ስልጣን ያለበት ሲሆን ባለሀብቶች የመሬትና የመሰረተ ልማት አገልግሎት እንዲያገኙ ያመቻቻል ።
000163_mekdes_aug1.wav,የህገ መንግስት ዳኝነት ማለት በህገ መንግስቱ የተሰጡትን መብቶችና ነጻነቶች ማስከበር ሲሆን የመንግስት ስልጣንም በህገ መንግስታዊ ወሰኖች ውስጥ መሆኑን ማረጋገጥ ማለት ነው።
000063_ameha_aug1.wav,የመንግስት ግዥ ማለት የመንግስት አካላት እቃዎች አገልግሎቶች ወይም የህዝብ ስራዎችን ለመፈጸም ከግል ድርጅቶች ጋር የሚያደርጉት ውል ነው።
000227_gtts.wav,የመንግስት ግዢ ማለት አንድ የመንግስት መስሪያ ቤት ለስራው የሚያስፈልጉትን ቁሳቁሶች ወይም አገልግሎቶች በግልጽ ጨረታ ወይም በውስን ጨረታ አማካኝነት ከህጋዊ ነጋዴዎች ላይ የሚገዛበት ህጋዊ የንግድ ስርአት እና የአሰራር ሂደት ነው ።
000182_ameha.wav,የአስተዳደር ፍትህ ማለት ዜጎች በመንግስት ውሳኔዎች ሲጎዱ ህጋዊ መፍትሄ የሚያገኙበት ስርአት ነው።
000316_mekdes.wav,በዚህ የሰብአዊ መብቶች ጥበቃ ስምምነት መሰረት አባል ሀገራቱ በማንኛውም ሁኔታ ውስጥ ማሰቃየት ወይም የሰውን ልጅ ክብር የሚያዋርዱ ተግባራትን ላለመፈጸም እና ጥፋተኞችን ለህግ ለማቅረብ የተስማሙ ሲሆን ይህም እያንዳንዱ የሰው ልጅ ሰብአዊ መብቱ እንዲከበርለት ለማድረግ ይረዳል ።
000110_mekdes_aug1.wav,የግብር ከፋዩ ግዴታዎች አንደኛ በየአመቱ የገቢ ማስታወቂያ ማቅረብ ሁለተኛ ሂሳቡን በባለሙያ ማስመርመር ሶስተኛ ግብሩን በወቅቱ መክፈል እና አራተኛ የሂሳብ መዝገቦችን ለቁጥጥር ክፍት ማድረግ ናቸው ።
000305_mekdes_aug1.wav,የኮንስትራክሽን ፈቃድ ለማውጣት አመልካቹ የሚከተሉትን ማምዋላት አለበት አንደኛ የመሬት ይዞታ ማረጋገጫ ሁለተኛ በአርክቴክት የተፈረመ ፕላን ሶስተኛ የህንጻው መዋቅራዊ ንድፍ እና አራተኛ የግንባታ ቁጥጥር ስምምነት ሲሆኑ እነዚህም በከተማ አስተዳደሩ መጽደቅ አለባቸው ።
000137_ameha.wav,በብድር ስምምነት ውስጥ የቅጣት ወለድ መጠን በግልጽ ካላተጠቀሰ አበዳሪው ከተፈቀደው በላይ መጠየቅ አይችልም።
000101_mekdes.wav,የታክስ ባለስልጣኑ አንድን ግብር ከፋይ በግምት ግብር ሲጥልበት ግብር ከፋዩ ውሳኔውን በመቃወም የራሱን የሂሳብ መዝገብ እና ደጋፊ ሰነዶች ማቅረብ የሚችል ሲሆን ባለስልጣኑም የቀረቡትን ሰነዶች መርምሮ የጣለውን የግምት ግብር ሊያነሳ ወይም ሊያሻሽል የሚችል ቢሆንም ሰነዶቹ ግን በህጋዊ ኦዲተር የተረጋገጡ መሆን እንዳለባቸው በህጉ ተቀምጥዋል ።
000314_mekdes.wav,የፍትህ አካል ማለት ህግን የመተርጎም እና ፍትህን የመስጠት ስልጣን ያለው የመንግስት አካል ማለት ነው።
000300_mekdes_aug1.wav,ማንኛውም ተጋቢ በጋብቻው ወቅት ያፈራውን የግል ንብረት ለትዳር አጋሩ በጽሁፍ ካልሰጠ ወይም በኑዛዜ ካላስተላለፈ በስተቀር የጋራ ንብረት ተደርጎ ሊወሰድ እንደማይችል እና የንብረት ክፍፍል በሚመጣበት ጊዜም በግል ይዞታነት እንደሚቆይ በህጉ አንቀጽ ሶስት መቶ አራት አስር ሰባት ላይ ተደንግጓል ።
000223_mekdes.wav,የከተማ መሬት ይዞታን ለህዝብ ጥቅም ሲባል ለመረከብ አንደኛ የክፍያ ግምት ማዘጋጀት ሁለተኛ ለባለይዞታው የቅድሚያ ማስጠንቀቂያ መስጠት ሶስተኛ ተመጣጣኝ ካሳ መክፈል እና አራተኛ ምትክ መሬት ማዘጋጀት አስፈላጊ ቅድመ ሁኔታዎች ናቸው ።
000352_ameha.wav,የግል የጡረታ ፈንድ ኢንቨስትመንት የሚደረገው በጡረታ ህጉ መሰረት ሲሆን ይህም የፈንዱን ደህንነት እና ዘላቂነት ያረጋግጣል።
000198_ameha_aug1.wav,የህዝብ ቅሬታ አፈታት ሂደት የሚከተሉትን ደረጃዎች ያካትታል አንደኛ ቅሬታ መቀበል ሁለተኛ ማጣራት ሶስተኛ ማስረጃ መሰብሰብ አራተኛ የቃል ክርክር ማካሄድ እና አምስተኛ ውሳኔ መስጠት።
000075_mekdes_aug1.wav,የፍርድ ቤት መጥሪያን የተቀበለ ማንኛውም ሰው በተጠቀሰው ቀን እና ሰአት የመገኘት ግዴታ ያለበት ሲሆን በችሎት ሳይገኝ ቢቀር ግን ፍርድ ቤቱ በሌለበት ውሳኔ የመስጠት ወይም ምስክሩ ከሆነ በፖሊስ ተይዞ እንዲቀርብ የማዘዝ ስልጣን እንዳለው በህግ የተደነገገ መሰረታዊ መርህ ነው ።
000219_gtts.wav,የህዝብ አገልግሎት መስጫ ተቋም የተደነገገውን የአገልግሎት ደረጃ ካላምዋላ እና በህዝብ ላይ ጉዳት ካደረሰ የፍቃድ መሰረዝ እርምጃ ሊወሰድበት ይችላል።
000094_mekdes.wav,የጉዲፈቻ ውል ማለት አንድ ሰው የሌላውን ልጅ እንደራሱ ልጅ አድርጎ ለመቀበልና ለማሳደግ የሚያደርገው ህጋዊ ስምምነት ሲሆን ይህም ውል በልጁ ወላጆች ወይም አሳዳጊዎች ስምምነት ላይ ተመስርቶ በፍርድ ቤት ሲጸድቅና በልጁ የልደት ምስክር ወረቀት ላይ ሲሰፍር ይጸናል ።
000016_ameha.wav,የፌደራልና የክልል መንግስታት በህገመንግስቱ በተሰጣቸው ስልጣን ወሰን ውስጥ ካልሰሩ የስልጣን ግጭት ሊፈጠር ይችላል።
000066_mekdes.wav,የሰራተኛው የዲሲፕሊን ቅጣት ከደሞዝ መቁረጥ እስከ ስራ ስንብት ሊደርስ የሚችል ሲሆን ሰራተኛው በቅጣቱ ላይ ቅሬታ ካለው ለቅሬታ ሰሚ ኮሚቴ የማቅረብ መብት አለው ።
000354_mekdes.wav,የመሬት ይዞታን ለህዝብ ጥቅም ሲባል ለመረከብ የሚሰጠው የካሳ መጠን በወቅታዊ የገበያ ዋጋ ላይ የተመሰረተ መሆን ያለበት ሲሆን ባለይዞታው በካሳው መጠን ካልተስማማ ቅሬታውን ማቅረብ ይችላል ።
000007_mekdes_aug1.wav,የፍርድ ቤት መጥሪያ ማለት አንድ ሰው በፍርድ ቤት ቀርቦ ምስክርነቱን እንዲሰጥ ወይም ለቀረበበት ክስ መልስ እንዲሰጥ የሚላክ ህጋዊ ትእዛዝ ሲሆን ይህንን ትእዛዝ ሳይቀበሉ መቅረት የገንዘብ ቅጣት ወይም እስራትን ሊያስከትል ይችላል ።
000157_mekdes.wav,የአስተዳደር ውሳኔዎች በሚሰጡበት ጊዜ የህግ የበላይነትን ማክበር እና የሰዎችን መሰረታዊ መብቶች አለመጋፋት እንደ መሰረታዊ መርህ መወሰድ እንዳለበት በህገመንግስቱ ተደንግጓል ።
000126_ameha.wav,አንድ የህግ ድንጋጌ ግልጽ ካልሆነ እና በተለያዩ መንገዶች ሊተረጎም የሚችል ከሆነ ፍርድ ቤቱ ትርጓሜውን የመስጠት ስልጣን አለው።
000334_gtts.wav,የመያዣ ውል ማለት አንድ ባለእዳ ለወሰደው ብድር ዋስትና እንዲሆን ንብረቱን ለአበዳሪው የሚሰጥበት ሲሆን እዳው በወቅቱ ካልተከፈለ አበዳሪው ንብረቱን በሀራጅ አስሸጦ ብድሩን የማስመለስ ህጋዊ መብት ይኖረዋል ።
000333_ameha_aug1.wav,የፍርድ ቤት መዝገብ ማህደር ውስጥ የሚገኙ ሰነዶች በጥንቃቄ መያዝ ያለባቸው ሲሆን ማንኛውም ሰነድ ከመዝገቡ ውስጥ እንዲወጣ ወይም እንዲቀየር ማድረግ ጥብቅ የወንጀል ተጠያቂነት ያስከትላል እንዲሁም ባለጉዳዮች የሰነዶችን ግልባጭ ሲወስዱ የመዝገብ ቤቱ ሀላፊ ማህተም እና ፊርማ መኖሩን ማረጋገጥ ያለባቸው ሲሆን ኦሪጅናል ሰነዶች ግን ከፍርድ ቤቱ ቅጥር ግቢ ውጭ እንዲወጡ ፈጽሞ አይፈቀድም እንዲሁም መዝገቡ በከፊል ወይም ሙሉ በሙሉ ቢጠፋ በሃላፊነት ላይ ያለው ሰራተኛ በአስተዳደር እና በወንጀል የሚጠየቅ ሲሆን መዝገቡን በድጋሚ ለማቋቋም ከግራ ቀኙ ባለጉዳዮች እጅ የሚገኙ ሰነዶች ጥቅም ላይ እንዲውሉ ይደረጋል እንዲሁም የፍርድ ቤት መዝገቦች ለታሪክ እና ለምርምር ስራዎች አገልግሎት እንዲውሉ ተብሎ ለተወሰነ አመታት ከተቀመጡ በኋላ ወደ ብሄራዊ መዝገብ ቤት እንዲዛወሩ ወይም በዲጂታል መልክ ተቀድተው ኦሪጅናሉ እንዲወገድ ሊደረግ የሚችልበት አሰራር ቢኖርም ይህ የሚሆነው በከፍተኛ የፍርድ ቤት አመራሮች ውሳኔ እና ቁጥጥር ስር ብቻ መሆኑን ማወቅ ያስፈልጋል ።
000158_mekdes_aug1.wav,የአስተዳደር ውሳኔዎች በሚሰጡበት ጊዜ የህግ የበላይነትን ማክበር እና የሰዎችን መሰረታዊ መብቶች አለመጋፋት እንደ መሰረታዊ መርህ መወሰድ እንዳለበት በህገመንግስቱ ተደንግጓል ።
000168_ameha_aug1.wav,የዋስትና ሰነድ ማለት አንድ ግለሰብ ወይም ድርጅት ብድር ሲወስድ ብድሩን ለመክፈል እንደ ዋስትና የሚያቀርበው ንብረት ወይም የሌላ አካል ግዴታ ሲሆን ይህም በብድር ስምምነቱ ውስጥ ይካተታል።
000301_ameha.wav,የፍርድ ቤት ክርክር በሚካሄድበት ወቅት የቀረበው ምስክር ቃሉን ከሰጠ በኋላ ሌላ አዲስ ማስረጃ ከተገኘ እና ማስረጃው የምስክሩን ቃል የሚቀይር ከሆነ ፍርድ ቤቱ ምስክሩን በድጋሚ ጠርቶ ማብራሪያ እንዲሰጥ ሊያዝ ይችላል እንዲሁም ምስክሩ ሆን ብሎ ፍርድ ቤቱን ለማሳሳት የሞከረ መሆኑ ከተረጋገጠ በሀሰት ምስክርነት ወንጀል ተከሶ የሚቀጣ ሲሆን የቀድሞው ውሳኔም በማስረጃው መሰረት ሊለወጥ ወይም ሊሻሻል የሚችልበት የህግ አሰራር በሰነ ሰርአት ህጉ ላይ ተቀምጥዋል እንዲሁም አዲሱ ማስረጃ የተገኘው የፍርድ ውሳኔው ከተሰጠ በኋላ ከሆነ ባለጉዳዩ የሰበር አቤቱታ በማቅረብ ወይም ጉዳዩ በድጋሚ እንዲታይለት በማመልከት መብቱን ማስከበር የሚችል ሲሆን ይህ ሂደትም የፍትህ መጓደል እንዳይኖር እና እውነተኛው ጥፋተኛ ተለይቶ እንዲታወቅ ለማድረግ የሚረዳ መሰረታዊ የህግ ስርአት መሆኑን ማወቅ ያስፈልጋል ።
000280_mekdes_aug1.wav,ሶስት መቶ አራት። የአንድ አካል የህዝብ ተወካይነት ስልጣን የሚመነጨው በዴሞክራሲያዊ ምርጫ ከህዝብ ሲሆን ይህ ምርጫም ነጻ ፍትሃዊ እና ግልጽ መሆን ይኖርበታል።
000060_mekdes.wav,ባለቤትነት ማለት አንድ ሰው በንብረቱ ላይ ሙሉ መብት ያለው ሆኖ ንብረቱን የመጠቀም የመሸጥ የመለወጥ ወይም በሌላ መልኩ የማስተላለፍ ስልጣን ሲኖረው ይህም በህግ ወይም በውል ካልተገደበ በስተቀር በፈለገው መንገድ የመጠቀም መብትን ያካትታል ።
000342_gtts.wav,የፍርድ ቤት ችሎት በሚካሄድበት ጊዜ ተከራካሪ ወገኖችም ሆኑ ታዛቢዎች ስልካቸውን ማጥፋት እና ጸጥታን መጠበቅ ያለባቸው ሲሆን ዳኛው ችሎቱን በሚመራበት ጊዜ የችሎቱን ክብር የሚነካ ማንኛውም ድርጊት ሲፈጸም ተገቢውን የማስተካከያ እርምጃ የመውሰድ እና ትእዛዝ የማስተላለፍ ስልጣን ይኖረዋል ።
000268_mekdes_aug1.wav,ሶስት መቶ ሰላሳ አምስት። የህገ መንግስቱ ንኡስ አንቀጽ ሰባት አንድ የሀገሪቱ የብሄር ብሄረሰቦች እና ህዝቦች እኩልነትን እና የራስን በራስ የማስተዳደር መብትን ያረጋግጣል።
000369_ameha_aug1.wav,የህዝብ የስነምግባር መርህ ማለት የመንግስት ሰራተኞች ህዝብን በሚያገለግሉበት ጊዜ ሊከተልዋቸው የሚገቡ የባህሪ ደንቦች።
000234_ameha_aug1.wav,የአስተዳደር ስልጣንን አላግባብ መጠቀም ማለት አንድ የመንግስት አካል ስልጣኑን በህግ በተፈቀደለት አላማ ሳይሆን ለሌላ አላማ ሲጠቀምበት ነው።
000332_ameha.wav,የፍርድ ቤት መዝገብ ማህደር ውስጥ የሚገኙ ሰነዶች በጥንቃቄ መያዝ ያለባቸው ሲሆን ማንኛውም ሰነድ ከመዝገቡ ውስጥ እንዲወጣ ወይም እንዲቀየር ማድረግ ጥብቅ የወንጀል ተጠያቂነት ያስከትላል እንዲሁም ባለጉዳዮች የሰነዶችን ግልባጭ ሲወስዱ የመዝገብ ቤቱ ሀላፊ ማህተም እና ፊርማ መኖሩን ማረጋገጥ ያለባቸው ሲሆን ኦሪጅናል ሰነዶች ግን ከፍርድ ቤቱ ቅጥር ግቢ ውጭ እንዲወጡ ፈጽሞ አይፈቀድም እንዲሁም መዝገቡ በከፊል ወይም ሙሉ በሙሉ ቢጠፋ በሃላፊነት ላይ ያለው ሰራተኛ በአስተዳደር እና በወንጀል የሚጠየቅ ሲሆን መዝገቡን በድጋሚ ለማቋቋም ከግራ ቀኙ ባለጉዳዮች እጅ የሚገኙ ሰነዶች ጥቅም ላይ እንዲውሉ ይደረጋል እንዲሁም የፍርድ ቤት መዝገቦች ለታሪክ እና ለምርምር ስራዎች አገልግሎት እንዲውሉ ተብሎ ለተወሰነ አመታት ከተቀመጡ በኋላ ወደ ብሄራዊ መዝገብ ቤት እንዲዛወሩ ወይም በዲጂታል መልክ ተቀድተው ኦሪጅናሉ እንዲወገድ ሊደረግ የሚችልበት አሰራር ቢኖርም ይህ የሚሆነው በከፍተኛ የፍርድ ቤት አመራሮች ውሳኔ እና ቁጥጥር ስር ብቻ መሆኑን ማወቅ ያስፈልጋል ።
000017_mekdes.wav,የዋስትና ሰጪው ግዴታ የሚነሳው ዋናው ተበዳሪ እዳውን መክፈል ሲያቅተው ብቻ ነው።
000155_mekdes.wav,አንድ መቶ ዘጠና አራት። የፌዴራል መንግስት የውጭ ጉዳይ እና የብሄራዊ መከላከያ ስልጣን ያለው ሲሆን ክልሎች የራሳቸውን የውጭ ጉዳይ መምሪያ ማቋቋም አይችሉም።
000024_ameha.wav,የአለም አቀፍ የንግድ ስምምነት መሰረት ማንኛውም አባል ሀገር በሌላው አባል ሀገር ላይ የሚጥለው የታሪፍ ገደብ ከአለም የንግድ ድርጅት ህግጋት ጋር የማይቃረን መሆኑን ማረጋገጥ ያለበት ሲሆን ይህ ካልሆነ ግን ጉዳዩ ለሽምግልና ዳኝነት መቅረብ ይኖርበታል ።
000109_mekdes.wav,የግብር ከፋዩ ግዴታዎች አንደኛ በየአመቱ የገቢ ማስታወቂያ ማቅረብ ሁለተኛ ሂሳቡን በባለሙያ ማስመርመር ሶስተኛ ግብሩን በወቅቱ መክፈል እና አራተኛ የሂሳብ መዝገቦችን ለቁጥጥር ክፍት ማድረግ ናቸው ።
000367_mekdes.wav,የውል ስምምነት ማለት ሁለት ወይም ከዚያ በላይ የሆኑ ሰዎች በመካከላቸው የህግ ግዴታን ለመፍጠር ወይም ለማቋረጥ ወይም ለመለወጥ የሚያደርጉት በፈቃደኝነት ላይ የተመሰረተ ግልጽ የሆነ ስምምነት ነው ።
000132_mekdes.wav,በፋይናንስ አስተዳደር ረገድ የመንግስት መስሪያ ቤቶች የውስጥ ኦዲት ክፍል ሊኖራቸው የሚገባ ሲሆን ይህ ክፍል የመስሪያ ቤቱን የገንዘብ ወጪ እና ገቢ በየጊዜው በመቆጣጠር ህገወጥ ክፍያዎች እንዳይፈጸሙ እና የበጀት ብክነት እንዳይኖር የመከላከል ሀላፊነት ያለበት ሲሆን ግኝቱንም ለበላይ ሀላፊው እና ለዋና ኦዲተር ሪፖርት ያደርጋል ።
000224_mekdes_aug1.wav,የከተማ መሬት ይዞታን ለህዝብ ጥቅም ሲባል ለመረከብ አንደኛ የክፍያ ግምት ማዘጋጀት ሁለተኛ ለባለይዞታው የቅድሚያ ማስጠንቀቂያ መስጠት ሶስተኛ ተመጣጣኝ ካሳ መክፈል እና አራተኛ ምትክ መሬት ማዘጋጀት አስፈላጊ ቅድመ ሁኔታዎች ናቸው ።
000233_ameha.wav,የአስተዳደር ስልጣንን አላግባብ መጠቀም ማለት አንድ የመንግስት አካል ስልጣኑን በህግ በተፈቀደለት አላማ ሳይሆን ለሌላ አላማ ሲጠቀምበት ነው።
000165_ameha_aug1.wav,የዋስትና ሰነድ ለብድር ያስፈልጋል።
000327_gtts.wav,የግል ውስን ማህበር አባላት ቁጥር ከሁለት በታች እና ከሀምሳ በላይ መሆን የለበትም ተብሎ በህጉ የተገደበ ሲሆን የአባላቱ ተጠያቂነትም በማህበሩ ውስጥ ባላቸው መዋጮ መጠን ብቻ የተወሰነ መሆኑ ልዩ መለያው ነው ።
000373_mekdes_aug1.wav,አንድ የፍርድ ቤት ትእዛዝ በግልጽ ካልተጻፈ ወይም አፈጻጸሙ ግልጽ ካልሆነ የሚመለከተው አካል ከፍርድ ቤቱ ተጨማሪ ማብራሪያ የመጠየቅ መብት ይኖረዋል።
000278_ameha_aug1.wav,የአፈጻጸም ግዴታዎች መዘግየት ማለት በውል የተጣሉ ተግባራት በወቅቱ አለመፈጸም።
000249_mekdes.wav,የባንክ ፈቃድ ለማግኘት የሚከተሉት ቅድመ ሁኔታዎች መምዋላት አለባቸው አንደኛ የተከፈለ ካፒታል መጠን አምስት ቢሊዮን መድረሱ ሁለተኛ የአስተዳደር ቦርድ አባላት ብቃት ሶስተኛ የቴክኖሎጂ መሰረተ ልማት እና አራተኛ የአደጋ መከላከያ ስርአት መኖሩ ነው ።
000283_gtts.wav,የባንክ ብድር ውል ስምምነት በሚፈረምበት ወቅት ተበዳሪው የመያዣ ንብረቱን በትክክል ካላስመዘገበ እና የብድር መክፈያ ጊዜው ካለፈ በኋላ ንብረቱን ለመሸጥ እንቅፋት ከፈጠረ ባንኩ በፍርድ ቤት በኩል ንብረቱን እንዲታገድ የመጠየቅ መብት አለው ።
000167_ameha.wav,የዋስትና ሰነድ ማለት አንድ ግለሰብ ወይም ድርጅት ብድር ሲወስድ ብድሩን ለመክፈል እንደ ዋስትና የሚያቀርበው ንብረት ወይም የሌላ አካል ግዴታ ሲሆን ይህም በብድር ስምምነቱ ውስጥ ይካተታል።
000275_ameha.wav,የንብረት ግምት በግልጽ ካልተቀመጠ እና በባለሙያ ካልተረጋገጠ የሽያጭ ዋጋው በህግ ሊከራከር ይችላል።
000119_mekdes.wav,የኩባንያው የህግ ተገዢነት ክፍል በየሶስት ወሩ የተምዋላ ሪፖርት ለቦርዱ ማቅረብ አለበት።
000364_ameha.wav,በአንቀጽ አንድ ሺህ ሁለት መቶ ሰላሳ አራት መሰረት ማንኛውም ሰው በሌላ ሰው ላይ አካላዊ ወይም ስነ ልቦናዊ ጥቃት በመፈጸም ሰላማዊ ህይወቱን እንዲያጣ ካደረገ ተጎጂው የደረሰበትን ስቃይ ግምት ውስጥ በማስገባት ተገቢው የካሳ ክፍያ እንዲሰጠው ፍርድ ቤቱ ይወስናል ።
000202_gtts_aug1.wav,የፍርድ ቤት መዝገብ አመራር ላይ የሚታዩ ክፍተቶች በፍትህ ስርአቱ ላይ ትልቅ ስጋት የሚፈጥሩ በመሆኑ መዝገቦች በዘመናዊ መንገድ መያዝ ያለባቸው ሲሆን ይህም ተከራካሪዎች ጉዳያቸው በወቅቱ ውሳኔ እንዲያገኝ እና የፍርድ ቤት መረጃዎችም በታማኝነት እንዲጠበቁ ለማድረግ ትልቅ አስተዋጽኦ እንደሚኖረው ይታወቃል ።
000019_ameha.wav,የምርመራ መዝገብ የሚከተሉትን መያዝ አለበት አንደኛ የተከሳሹን ቃል ሁለተኛ የምስክሮችን ዝርዝር ቃል ሶስተኛ የፎረንሲክ ምርመራ ውጤቶችን አራተኛ የተያዙ ኤግዚቢቶችን ዝርዝር እና አምስተኛ የመርማሪ ፖሊሱን አጠቃላይ አስተያየት እና ድምዳሜ ።
000321_ameha_aug1.wav,የመልካም አስተዳደር መርህ ማለት የመንግስት አካላት ግልጽነት ተጠያቂነት ፍትሃዊነት እና የህግ የበላይነትን ባረጋገጠ መልኩ ሲሰሩ ነው።
000079_mekdes.wav,የአስተዳደር ስነ ስርአት ደንብ ማለት የአስተዳደር አካላት ውሳኔዎችን ለመስጠት የሚከተልዋቸውን መርሆዎች እና አሰራሮች የሚያስቀምጥ ሰነድ ነው።
000250_mekdes_aug1.wav,የባንክ ፈቃድ ለማግኘት የሚከተሉት ቅድመ ሁኔታዎች መምዋላት አለባቸው አንደኛ የተከፈለ ካፒታል መጠን አምስት ቢሊዮን መድረሱ ሁለተኛ የአስተዳደር ቦርድ አባላት ብቃት ሶስተኛ የቴክኖሎጂ መሰረተ ልማት እና አራተኛ የአደጋ መከላከያ ስርአት መኖሩ ነው ።
000018_mekdes_aug1.wav,የዋስትና ሰጪው ግዴታ የሚነሳው ዋናው ተበዳሪ እዳውን መክፈል ሲያቅተው ብቻ ነው።
000139_ameha.wav,የቤተሰብ ንብረት ማስተዳደር ማለት በትዳር ውስጥ የተገኘ ንብረትን በሁለቱም የትዳር አጋሮች ፍቃድ ብቻ ማስተላለፍ የሚቻልበት ህግ ማለት ነው።
000289_mekdes.wav,ሁለት መቶ ሰማንያ ሶስት። የክልል መንግስታት የራሳቸውን ህጎች የማውጣት ስልጣን ያላቸው ቢሆንም የፌዴራል ህጎችን መቃረን አይችሉም።
000036_mekdes.wav,የፍርድ ቤቱ ብይን የመጨረሻ የሚሆነው የይግባኝ ጊዜው ካለቀ በኋላ ወይም ይግባኙ ከተሰማ በኋላ ነው።
000274_gtts_aug1.wav,በወንጀለኛ መቅጫ ህግ አንቀጽ ዘጠኝ መቶ አስር መሰረት በህገ ወጥ መንገድ የተገኙ ንብረቶችን ህጋዊ አስመስሎ ማቅረብ ወይም የገንዘብ ማጠብ ወንጀል መፈጸም በሀገር ኢኮኖሚ ላይ ትልቅ ጉዳት የሚያደርስ በመሆኑ ተከሳሹ ንብረቱ ከመወረሱም በላይ በከባድ እስራት እንዲቀጣ ይደረጋል ።
000244_gtts_aug1.wav,ይህ የፍርድ ቤት ትእዛዝ እንደሚያመለክተው ማንኛውም አይነት የመሬት ግንባታ በክርክር ላይ ባለው ቦታ ላይ እንዳይከናወን የታገደ ሲሆን ይህን ትእዛዝ በመተላለፍ ግንባታ የሚቀጥል ወገን በፍርድ ቤት መናቅ ወንጀል ይጠየቃል ።
000180_gtts.wav,በወንጀል ህግ አንቀጽ አምስት መቶ አስር መሰረት በህገ ወጥ መንገድ ሰዎችን ወደ ውጭ ሀገር መላክ ወይም በሰው ዝውውር ተግባር ላይ መሰማራት በሰብአዊነት ላይ የሚፈጸም ከባድ ወንጀል በመሆኑ ተከሳሹ ድርጊቱን መፈጸሙ ከተረጋገጠ ንብረቱ ተወርሶ በከባድ እስራት እንዲቀጣ ፍርድ ቤቱ ይወስናል ።
000181_gtts_aug1.wav,በወንጀል ህግ አንቀጽ አምስት መቶ አስር መሰረት በህገ ወጥ መንገድ ሰዎችን ወደ ውጭ ሀገር መላክ ወይም በሰው ዝውውር ተግባር ላይ መሰማራት በሰብአዊነት ላይ የሚፈጸም ከባድ ወንጀል በመሆኑ ተከሳሹ ድርጊቱን መፈጸሙ ከተረጋገጠ ንብረቱ ተወርሶ በከባድ እስራት እንዲቀጣ ፍርድ ቤቱ ይወስናል ።
000059_ameha_aug1.wav,ተከሳሹ የቀረበበትን የክስ ዝርዝር ካልተረዳ ወይም በቋንቋ ችግር ምክንያት የፍርድ ሂደቱን መከታተል ካልቻለ ፍርድ ቤቱ በራሱ ወጪ አስተርጓሚ የመመደብ ግዴታ ያለበት ሲሆን ይህ ካልሆነ ግን ሂደቱ በህግ ፊት ዋጋ የሌለው ይሆናል ።
000111_ameha.wav,በፍትሀ ብሄር ህጉ አንቀጽ ሰባት መቶ ሃያ ስድስት የተደነገገው የመያዣ ውል ህጋዊ ተፈጻሚነት እንዲኖረው የመያዣው አይነት የብድር መጠን የንብረቱ ግልጽ መግለጫ እና በሁለት ህጋዊ ምስክሮች ፊት መፈረም ያስፈልጋል።
000282_ameha_aug1.wav,የአለም አቀፍ የወንጀለኞች ፍርድ ቤት ሮም ስታትዩት ማለት የዘር ማጥፋትን በሰው ልጆች ላይ የሚፈጸሙ ወንጀሎችን የጦር ወንጀሎችን እና የጥቃት ወንጀሎችን የሚፈጽሙ ግለሰቦችን በቁጥጥር ስር ለማዋል እና ለፍርድ ለማቅረብ የተቋቋመ የቋሚ ፍርድ ቤት መመስረቻ ሰነድ ሲሆን ይህም የአለም አቀፍ ፍትህን ለማረጋገጥ የታለመ ነው ።
000006_mekdes.wav,የፍርድ ቤት መጥሪያ ማለት አንድ ሰው በፍርድ ቤት ቀርቦ ምስክርነቱን እንዲሰጥ ወይም ለቀረበበት ክስ መልስ እንዲሰጥ የሚላክ ህጋዊ ትእዛዝ ሲሆን ይህንን ትእዛዝ ሳይቀበሉ መቅረት የገንዘብ ቅጣት ወይም እስራትን ሊያስከትል ይችላል ።
000271_mekdes.wav,ይህ የፍርድ ቤት ትእዛዝ እንደሚገልጸው ማንኛውም በክርክር ላይ ያለ ንብረት እስከ መጨረሻው ውሳኔ ድረስ እንዳይሸጥ ወይም እንዳይለወጥ የታገደ በመሆኑ ይህንን ትእዛዝ በመጣስ የሚደረግ ማንኛውም የንብረት ዝውውር በህግ ፊት ዋጋ የሌለው እና ተቀባይነት የማይኖረው ይሆናል ።
000258_ameha.wav,የፍርድ ቤት ውሳኔ በሚሰጥበት ጊዜ ዳኞች የሚከተሉትን ማስረጃዎች ማየት አለባቸው አንደኛ የሰነድ ማስረጃዎች ሁለተኛ የአፍ ምስክርነት ሶስተኛ የባለሙያ ምስክርነት እና አራተኛ የቁስ ማስረጃዎች ሲሆኑ እያንዳንዳቸው የራሳቸው ክብደት አላቸው።
000010_ameha.wav,የንብረት ውርስ ክፍፍል ሲደረግ እያንዳንዱ ወራሽ በህጉ የተሰጠውን ድርሻ ካልተቀበለ ወይም በክፍፍሉ ካልተስማማ የክፍፍሉ ሂደት በፍርድ ቤት ውሳኔ ሊዘገይ ይችላል።
000176_mekdes_aug1.wav,አንድ ሰው የሌላውን ሰው ንብረት ያለምንም የህግ መሰረት ከተጠቀመ ወይም ከያዘ ባለቤቱ ንብረቱን እንዲመለስለት ወይም ተገቢውን ካሳ እንዲከፈልለት በፍርድ ቤት ሊጠይቅ ይችላል።
000103_ameha.wav,በሀገራት መካከል የሚደረጉ የኤክስትራዲሽን ወይም አሳልፎ የመስጠት ስምምነቶች ወንጀለኞች ከአንድ ሀገር ወደ ሌላ ሀገር በመሸሽ ከህግ ተጠያቂነት እንዳያመልጡ ለማድረግ የሚረዱ ሲሆን ይህም የአለም አቀፍ የፍትህ ስርአትን ለማጠናከር እና የወንጀል ድርጊቶችን ለመቀነስ የሚደረገው ጥረት አካል መሆኑን ይታወቃል ።
000081_ameha.wav,የፍርድ ቤት ውሳኔ በሚሰጥበት ጊዜ ዳኞች የሚከተሉትን ነጥቦች ግምት ውስጥ ማስገባት አለባቸው አንደኛ የቀረቡ ማስረጃዎች ክብደት ሁለተኛ የህግ ድንጋጌዎች ትርጓሜ ሶስተኛ የግራ ቀኙ ክርክር ምክንያታዊነት እና አራተኛ የጉዳዩ ማህበራዊ አንድምታ ሲሆኑ እያንዳንዳቸው እኩል ክብደት አላቸው።
000372_mekdes.wav,አንድ የፍርድ ቤት ትእዛዝ በግልጽ ካልተጻፈ ወይም አፈጻጸሙ ግልጽ ካልሆነ የሚመለከተው አካል ከፍርድ ቤቱ ተጨማሪ ማብራሪያ የመጠየቅ መብት ይኖረዋል።
000220_gtts_aug1.wav,የህዝብ አገልግሎት መስጫ ተቋም የተደነገገውን የአገልግሎት ደረጃ ካላምዋላ እና በህዝብ ላይ ጉዳት ካደረሰ የፍቃድ መሰረዝ እርምጃ ሊወሰድበት ይችላል።
000353_ameha_aug1.wav,የግል የጡረታ ፈንድ ኢንቨስትመንት የሚደረገው በጡረታ ህጉ መሰረት ሲሆን ይህም የፈንዱን ደህንነት እና ዘላቂነት ያረጋግጣል።
000195_gtts.wav,የአፈጻጸም ግምገማ ማለት የአንድን ፕሮጀክት ወይም የአንድን ተቋም አፈጻጸም ከተቀመጡት ግቦች ጋር በማነጻጸር ውጤቱን የመለካት ሂደት ነው።
000153_mekdes.wav,የፌዴራል መንግስት በአዋጅ ቁጥር አስራ አምስት ንኡስ አንቀጽ ሁለት መሰረት የንግድ ምዝገባንና ፈቃድን የማስተዳደር ስልጣን አለው።
000152_ameha_aug1.wav,የፍርድ ቤት ክርክር በሚካሄድበት ወቅት ዳኛው የግራ ቀኙን ጠበቆች ስነ ምግባር የመቆጣጠር ሀላፊነት ያለበት ሲሆን ጠበቆቹ በችሎት ውስጥ ተገቢ ያልሆነ ንግግር ከተጠቀሙ ወይም የፍርድ ቤቱን ስራ ካስተጓጎሉ ዳኛው ማስጠንቀቂያ የመስጠት ወይም ከችሎት እንዲወጡ የማዘዝ ስልጣን አለው እንዲሁም ጉዳዩን ለጠበቆች ማህበር ሊያሳውቅ ይችላል ።
000089_mekdes.wav,የንግድ መዝገብ መረጃዎች ለህዝብ ግልጽ መሆን ያለባቸው ሲሆን ማንኛውም ሰው ስለ አንድ ድርጅት ህጋዊነት ወይም ስለ ስራ አስኪያጁ ስልጣን ለማረጋገጥ መረጃውን የመጠየቅ መብት አለው ይህ አሰራር በንግድ ስራ ውስጥ ግልጽነትን ለመፍጠር ይረዳል ።
000175_mekdes.wav,አንድ ሰው የሌላውን ሰው ንብረት ያለምንም የህግ መሰረት ከተጠቀመ ወይም ከያዘ ባለቤቱ ንብረቱን እንዲመለስለት ወይም ተገቢውን ካሳ እንዲከፈልለት በፍርድ ቤት ሊጠይቅ ይችላል።
000147_ameha_aug1.wav,የወንጀል ድርጊት ተሳታፊ የነበረ ሰው ለፖሊስ አስፈላጊውን መረጃ በመስጠት ሌሎችን ወንጀለኞች ለማስያዝ ቢተባበር ፍርድ ቤቱ የቅጣት ማቅለያ ሊያደርግለት ወይም እንደ ሁኔታው ከቅጣት ነጻ ሊያደርገው ይችላል ይህም አሰራር የተደራጁ የወንጀል ቡድኖችን ለመበተን እና ዋና ዋና ወንጀለኞችን ለመያዝ የሚረዳ የህግ ስልት ነው ።
000209_gtts.wav,ተከሳሹ በምርመራ ወቅት የሰጠው የእምነት ቃል በግዴታ ወይም በማስፈራራት የተገኘ መሆኑን ካስረዳ እና ይህም ድርጊት መፈጸሙን የሚያረጋግጥ የህክምና ማስረጃ ወይም የሰው ምስክር ካቀረበ ፍርድ ቤቱ በግዴታ የተገኘን ቃል እንደ ማስረጃ አይቀበለውም ።
000092_ameha.wav,የውጭ ጉዳይ ሚኒስቴር በአለም አቀፍ መድረኮች ላይ የሀገሪቱን ብሄራዊ ጥቅም ለማስጠበቅ እና ከሌሎች ሀገራት ጋር ያለውን ዲፕሎማሲያዊ ግንኙነት ለማሳደግ የሚከተላቸው ፖሊሲዎች ሁሉ ከአለም አቀፍ ህግ እና ከሀገሪቱ ህገ መንግስት ጋር የተጣጣሙ መሆናቸውን እና ለሰላም ቅድሚያ የሚሰጡ መሆናቸውን ያረጋግጣል ።
000069_mekdes_aug1.wav,አሰሪው የሰራተኛውን የስራ ውል ለማቋረጥ ሲወስን ሰራተኛው በድርጅቱ ውስጥ በቆየባቸው አመታት ልክ ለእያንዳንዱ አመት የአንድ ወር ደመወዝ ካሳ የመክፈል ግዴታ የሚኖርበት ሲሆን ይህም ክፍያ ሰራተኛው ያለ ምንም ጥፋት ከስራ ሲሰናበት ብቻ የሚፈጸም መሆኑን ህጉ በግልጽ ያስረዳል ።
000123_mekdes.wav,የታክስ አስተዳደር አዋጅ ቁጥር ዘጠኝ መቶ ሰባ አምስት አንቀጽ ሰማኒያ ሶስት አስር አንድ እንደሚደነግገው ማንኛውም ግብር ከፋይ የታክስ ባለስልጣኑ የሚሰጠውን የታክስ ውሳኔ ከተቀበለ በኋላ ግብሩን በወቅቱ ካልከፈለ ባለስልጣኑ የግብር ከፋዩን ንብረት አግዶ በመሸጥ እዳውን የመሰብሰብ ስልጣኑን ተግባራዊ ለማድረግ የፍርድ ቤት ትእዛዝ አያስፈልገውም ።
000096_mekdes.wav,የባንክ ብድር ለማግኘት አመልካቹ የተምዋላ የዋስትና ሰነድ ማቅረብ ይኖርበታል።
000143_mekdes.wav,ሰራተኛው በስራ ላይ እያለ ለሚደርስበት ማንኛውም አይነት መድልዎ ወይም እንግልት ቅሬታውን ለድርጅቱ አስተዳደር ወይም ለሚመለከተው የሰራተኛ ማህበር ማቅረብ የሚችል ሲሆን አሰሪውም ይህንን ቅሬታ መርምሮ ተገቢውን እርምጃ የመውሰድና ሰራተኛውን የመጠበቅ የሞራልና የህግ ግዴታ አለበት ።
000285_mekdes.wav,የባንክ ደንበኛ መታወቂያ መመሪያ መሰረት ማንኛውም ሰው የባንክ ሂሳብ ለመክፈት ሲመጣ ትክክለኛ መታወቂያ ማቅረብ ያለበት ሲሆን ባንኩም የቀረበው መታወቂያ ትክክለኛ መሆኑን የማረጋገጥ እና የደንበኛውን የገንዘብ ምንጭ የመጠየቅ ግዴታ ያለበት ሲሆን ይህም ህገወጥ የገንዘብ ዝውውርን ለመከላከል የሚደረግ ጥብቅ ቁጥጥር ነው ።
000097_ameha.wav,የፍትሀብሄር ክስ ይግባኝ የሚቀርበው የመጀመሪያው ፍርድ ቤት ውሳኔ ትክክል አይደለም ብሎ ያመነ ወገን በህጉ በተቀመጠው የጊዜ ገደብ ውስጥ ለከፍተኛ ፍርድ ቤት በጽሁፍ ጥያቄ ሲያቀርብ ነው።
000211_mekdes.wav,የውል መሻር ውሳኔ የሚሰጠው የሁለቱም ተዋዋይ ወገኖች ክርክር ከተሰማ በኋላ ነው።
000068_mekdes.wav,አሰሪው የሰራተኛውን የስራ ውል ለማቋረጥ ሲወስን ሰራተኛው በድርጅቱ ውስጥ በቆየባቸው አመታት ልክ ለእያንዳንዱ አመት የአንድ ወር ደመወዝ ካሳ የመክፈል ግዴታ የሚኖርበት ሲሆን ይህም ክፍያ ሰራተኛው ያለ ምንም ጥፋት ከስራ ሲሰናበት ብቻ የሚፈጸም መሆኑን ህጉ በግልጽ ያስረዳል ።
000023_mekdes.wav,የአክሲዮን ማህበር ዳይሬክተሮች ቦርድ አባላት በማህበሩ ጠቅላላ ጉባኤ የሚመረጡ ሲሆን ማህበሩን ወክለው ውሳኔዎችን የማሳለፍ እና ስራ አስኪያጁን የመቆጣጠር ስልጣን ያላቸው እና ለሚያደርጉት ስህተት በማህበሩ ፊት ተጠያቂ ይሆናሉ ።
000037_mekdes_aug1.wav,የፍርድ ቤቱ ብይን የመጨረሻ የሚሆነው የይግባኝ ጊዜው ካለቀ በኋላ ወይም ይግባኙ ከተሰማ በኋላ ነው።
000144_ameha.wav,አንድ ግብር ከፋይ የታክስ ክሬዲት ማግኘቱን ካላረጋገጠ እና ተገቢውን ማስረጃ ካላቀረበ ክሬዲቱ አይፈቀድለትም።
000122_ameha_aug1.wav,ፍርድ ቤቱ በማናቸውም የፍትሀ ብሄር ጉዳይ የክርክር ሂደት ተዋዋይ ወገኖች ማስረጃቸውን ሙሉ በሙሉ እንዲያቀርቡ ያዛል።
000067_mekdes_aug1.wav,የሰራተኛው የዲሲፕሊን ቅጣት ከደሞዝ መቁረጥ እስከ ስራ ስንብት ሊደርስ የሚችል ሲሆን ሰራተኛው በቅጣቱ ላይ ቅሬታ ካለው ለቅሬታ ሰሚ ኮሚቴ የማቅረብ መብት አለው ።
000339_gtts_aug1.wav,የፍርድ ቤት ትእዛዝ ማለት ፍርድ ቤቱ በአንድ ጉዳይ ላይ የሚሰጠው ህጋዊ መመሪያ ሲሆን ይህም ተዋዋይ ወገኖች የተወሰነ እርምጃ እንዲወስዱ ወይም እንዲከለከሉ የሚያስገድድ ነው።
000196_gtts_aug1.wav,የአፈጻጸም ግምገማ ማለት የአንድን ፕሮጀክት ወይም የአንድን ተቋም አፈጻጸም ከተቀመጡት ግቦች ጋር በማነጻጸር ውጤቱን የመለካት ሂደት ነው።
000277_ameha.wav,የአፈጻጸም ግዴታዎች መዘግየት ማለት በውል የተጣሉ ተግባራት በወቅቱ አለመፈጸም።
000298_gtts.wav,የአስተዳደር አካል በህዝብ ጥቅም ስም የግል ንብረትን ያለአግባብ ለመውረስ ከሞከረ ፍርድ ቤቱ ይህንን ውሳኔ የመቀልበስ ስልጣን አለው።
000194_mekdes.wav,በፍርድ ቤት የሚሰጥ ማንኛውም ውሳኔ ግልጽ እና ህጋዊ ምክንያት ያለው መሆን ያለበት ሲሆን ተከራካሪ ወገኖች በውሳኔው ላይ ቅሬታ ካላቸው በህግ በተቀመጠው የይግባኝ ጊዜ ውስጥ ለከፍተኛው ፍርድ ቤት ይግባኝ የማለት መብት አላቸው ።
000125_ameha.wav,ማንኛውም ፈቃድ አቅራቢ በህግ በተቀመጠው ጊዜ ውስጥ የሚያስፈልጉትን ሰነዶች በሙሉ ማቅረብ ካልቻለ ወይም የቀረቡት ሰነዶች ያልተምዋሉ ከሆኑ የፈቃድ አሰጣጥ ሂደቱ ይሰረዛል።
000146_ameha.wav,የወንጀል ድርጊት ተሳታፊ የነበረ ሰው ለፖሊስ አስፈላጊውን መረጃ በመስጠት ሌሎችን ወንጀለኞች ለማስያዝ ቢተባበር ፍርድ ቤቱ የቅጣት ማቅለያ ሊያደርግለት ወይም እንደ ሁኔታው ከቅጣት ነጻ ሊያደርገው ይችላል ይህም አሰራር የተደራጁ የወንጀል ቡድኖችን ለመበተን እና ዋና ዋና ወንጀለኞችን ለመያዝ የሚረዳ የህግ ስልት ነው ።
000218_mekdes.wav,ይህ ህግ የፌዴራል የመሬት ይዞታ አስተዳደርን የሚመለከት ሲሆን የክልል መንግስታትን ስልጣን በግልጽ ይገድባል።
000086_mekdes_aug1.wav,ይህ የወንጀል ፍትህ አስተዳደር ስርአት በህገመንግስቱ እና በሌሎች አግባብነት ባላቸው ህጎች መሰረት የሚመራ ነው።
000317_mekdes_aug1.wav,በዚህ የሰብአዊ መብቶች ጥበቃ ስምምነት መሰረት አባል ሀገራቱ በማንኛውም ሁኔታ ውስጥ ማሰቃየት ወይም የሰውን ልጅ ክብር የሚያዋርዱ ተግባራትን ላለመፈጸም እና ጥፋተኞችን ለህግ ለማቅረብ የተስማሙ ሲሆን ይህም እያንዳንዱ የሰው ልጅ ሰብአዊ መብቱ እንዲከበርለት ለማድረግ ይረዳል ።
000294_ameha.wav,የባለአክሲዮኖች ስምምነት በግልጽ ካልተቀመጠ እና የድምጽ መብቶች ካልተወሰኑ የድርጅት ውሳኔዎች ሊስተጓጉሉ ይችላሉ።
000318_gtts.wav,የአዋጅ ድንጋጌው በደንብ ካልተብራራ እና ለህዝብ ግልጽ ካልሆነ የህግ አፈጻጸሙ ችግር ይገጥመዋል።
000183_ameha_aug1.wav,የአስተዳደር ፍትህ ማለት ዜጎች በመንግስት ውሳኔዎች ሲጎዱ ህጋዊ መፍትሄ የሚያገኙበት ስርአት ነው።
000284_gtts_aug1.wav,የባንክ ብድር ውል ስምምነት በሚፈረምበት ወቅት ተበዳሪው የመያዣ ንብረቱን በትክክል ካላስመዘገበ እና የብድር መክፈያ ጊዜው ካለፈ በኋላ ንብረቱን ለመሸጥ እንቅፋት ከፈጠረ ባንኩ በፍርድ ቤት በኩል ንብረቱን እንዲታገድ የመጠየቅ መብት አለው ።
000356_gtts_aug1.wav,የክልል ኢንቨስትመንት ኮሚሽን በክልሉ ውስጥ የሚከናወኑ የኢንቨስትመንት ስራዎችን የመደገፍ እና የኢንቨስትመንት ፈቃድ የመስጠት ስልጣን ያለበት ሲሆን ባለሀብቶች የመሬትና የመሰረተ ልማት አገልግሎት እንዲያገኙ ያመቻቻል ።
000266_gtts.wav,ማስረጃ ማለት አንድን ክርክር ለመደገፍ ወይም ለመቃወም በህጋዊ መንገድ የሚቀርብ መረጃ ሲሆን ይህም የሰነድ ወይም የቃል ሊሆን ይችላል።
000193_ameha.wav,በወንጀል ህግ መሰረት ጥፋተኛ ተብሎ የተወሰነበት ሰው የቅጣት ውሳኔው ከጸና በኋላ ይግባኝ የመጠየቅ መብቱ የተጠበቀ ቢሆንም ይግባኙን ማቅረብ ያለበት የቅጣት ውሳኔው በተሰጠ በስልሳ ቀናት ውስጥ መሆን እንዳለበት የሰነ ሰርአት ህጉ ያስረዳል ።
000265_gtts_aug1.wav,የመንግስት ሰራተኞች የህዝብን ጥቅም ለማስጠበቅ የተሾሙ በመሆናቸው ከግል ፍላጎት ነጻ ሆነው መስራት አለባቸው።
000129_mekdes_aug1.wav,አንድ ሀገር በአለም አቀፍ ስምምነት ላይ የተጠቀሱትን ግዴታዎች ለመወጣት የሚያስችል የህግ ማሻሻያ ሲያደርግ ይህ ማሻሻያ በዜጎች መሰረታዊ መብቶች ላይ ተጽእኖ እንዳይኖረው ጥንቃቄ ማድረግ ያለበት ሲሆን ይህም የስምምነቱን አላማ ከሀገር ውስጥ ህግ ጋር ለማጣጣም ይረዳል ።
000038_mekdes.wav,የክርክር ጭብጥ ማለት በከሳሽ እና በተከሳሽ መካከል ልዩነት የተፈጠረበት እና በፍርድ ቤት ውሳኔ ሊሰጥበት የሚገባው መሰረታዊ የህግ ወይም የፍሬ ነገር ነጥብ ሲሆን ዳኛው ክርክሩን የሚመራው እና ውሳኔ የሚሰጠው በዚህ ጭብጥ ላይ ተመስርቶ ይሆናል ።
000011_mekdes.wav,አንድ የንግድ ድርጅት የአክሲዮን ድርሻውን ለሌላ ሰው በሚያስተላልፍበት ወቅት የሚደረገው የሽያጭ ውል በውልና ማስረጃ መረጋገጥ ያለበት ሲሆን ዝውውሩም በንግድ መዝገብ ላይ ተመዝግቦ ለህዝብ ይፋ እስካልተደረገ ድረስ ዝውውሩ ለሶስተኛ ወገኖች ተፈጻሚ እንደማይሆን እና ህጋዊ ዋጋ እንደማይኖረው በኢትዮጵያ የንግድ ህግ ላይ ተደንግጓል ።
000351_gtts_aug1.wav,የአስተዳደር አካል የህዝብን ቅሬታ በአግባቡ ካልተመለከተ እና ለተደጋጋሚ ቅሬታዎች ምላሽ ካልሰጠ የስራ አፈጻጸሙ ይገመገማል።
000185_ameha_aug1.wav,የጋራ ንብረት ክፍፍል የሚደረገው በትዳር ወቅት የተፈራው ሀብት በሁለቱም ስም የተመዘገበ ቢሆንም ባይሆንም እኩል እንዲካፈሉ በሚያዘው የቤተሰብ ህግ መሰረት ሲሆን ሆኖም ግን አንደኛው ወገን ንብረቱን ከጋብቻ በፊት ማግኘቱን ካስረዳ ያ ንብረት በክፍፍሉ ውስጥ አይካተትም ።
000203_ameha.wav,የመለያየት ደብዳቤ ማለት አሰሪው ሰራተኛውን ከስራ ሲያሰናብት ወይም ሰራተኛው ከስራ ሲለቅ የሚሰጠው በህጉ የተደነገገ የጽሁፍ ማስታወቂያ ማለት ነው።
000112_ameha_aug1.wav,በፍትሀ ብሄር ህጉ አንቀጽ ሰባት መቶ ሃያ ስድስት የተደነገገው የመያዣ ውል ህጋዊ ተፈጻሚነት እንዲኖረው የመያዣው አይነት የብድር መጠን የንብረቱ ግልጽ መግለጫ እና በሁለት ህጋዊ ምስክሮች ፊት መፈረም ያስፈልጋል።
000179_mekdes.wav,የውል አፈጻጸም ዋስትና በባንክ ወይም በኢንሹራንስ ኩባንያ የሚሰጥ ሲሆን ተቋራጩ ውሉን ካልፈጸመ አሰሪው ያለምንም ቅድመ ሁኔታ ዋስትናውን ወደ ገንዘብ ለውጦ እንዲከፈለው ለዋስትና ሰጪው ተቋም ማመልከቻ የማቅረብ መብት አለው ።
000302_ameha_aug1.wav,የፍርድ ቤት ክርክር በሚካሄድበት ወቅት የቀረበው ምስክር ቃሉን ከሰጠ በኋላ ሌላ አዲስ ማስረጃ ከተገኘ እና ማስረጃው የምስክሩን ቃል የሚቀይር ከሆነ ፍርድ ቤቱ ምስክሩን በድጋሚ ጠርቶ ማብራሪያ እንዲሰጥ ሊያዝ ይችላል እንዲሁም ምስክሩ ሆን ብሎ ፍርድ ቤቱን ለማሳሳት የሞከረ መሆኑ ከተረጋገጠ በሀሰት ምስክርነት ወንጀል ተከሶ የሚቀጣ ሲሆን የቀድሞው ውሳኔም በማስረጃው መሰረት ሊለወጥ ወይም ሊሻሻል የሚችልበት የህግ አሰራር በሰነ ሰርአት ህጉ ላይ ተቀምጥዋል እንዲሁም አዲሱ ማስረጃ የተገኘው የፍርድ ውሳኔው ከተሰጠ በኋላ ከሆነ ባለጉዳዩ የሰበር አቤቱታ በማቅረብ ወይም ጉዳዩ በድጋሚ እንዲታይለት በማመልከት መብቱን ማስከበር የሚችል ሲሆን ይህ ሂደትም የፍትህ መጓደል እንዳይኖር እና እውነተኛው ጥፋተኛ ተለይቶ እንዲታወቅ ለማድረግ የሚረዳ መሰረታዊ የህግ ስርአት መሆኑን ማወቅ ያስፈልጋል ።
000239_mekdes.wav,የግንባታ ፍቃድ የተሰጠበት ንብረት በተጠቀሰው ጊዜ ውስጥ ካልተገነባ የማዘጋጃ ቤት ባለስልጣናት ፍቃዱን የመሻር ስልጣን ይኖራቸዋል።
000117_ameha.wav,የይግባኝ አቤቱታ ከቀረበ በኋላ የፍርድ ቤቱ መዝገብ ቤት ይግባኙን ይመረምራል እና ህጋዊ መስፈርቶችን ማምዋላቱን ያረጋግጣል።
000347_mekdes_aug1.wav,የታክስ ስወራን ለመከላከል መንግስት የሽያጭ መመዝገቢያ ማሽኖችን አጠቃቀም ግዴታ ያደረገ ሲሆን ማንኛውም ነጋዴ እቃ ሲሸጥ ደረሰኝ የመቁረጥ ግዴታ ያለበት ሲሆን ደረሰኝ ሳይቆርጥ የተገኘ ነጋዴ ከፍተኛ የገንዘብ ቅጣት የሚጣልበት ሲሆን ደንበኛው ደግሞ ደረሰኝ የመጠየቅ መብትና ግዴታ እንዳለው በታክስ መመሪያው ላይ ተገልጽዋል ።
000363_mekdes_aug1.wav,አንድ መቶ ሃምሳ ሰባት። አንድ የአስተዳደር አካል ህገ ወጥ ውሳኔ ከሰጠ ተጎጂው አካል የገንዘብ ካሳ የመጠየቅ መብት ያለው ሲሆን ይህንንም በፍርድ ቤት ሊጠይቅ ይችላል።
000336_mekdes_aug1.wav,የሽያጭ ክፍያ ማለት በሽያጭ ውል መሰረት የሚከፈለው አጠቃላይ ገንዘብ ማለት ነው።
000341_mekdes_aug1.wav,የመንግስት ሰራተኛ የዲሲፕሊን ክስ የሚቀርበው ጥፋቱ በታወቀ በስድስት ወራት ውስጥ መሆን ያለበት ሲሆን ከአንድ አመት በላይ የቆየ ጥፋት በይርጋ የታገደ እንደሚሆን በህጉ ተገልጽዋል ።
000164_ameha.wav,የዋስትና ሰነድ ለብድር ያስፈልጋል።
000231_mekdes.wav,የታክስ አስተዳደር አዋጅ ቁጥር ዘጠኝ መቶ ሰባ አምስት አንቀጽ ስድሳ አስር አምስት እንደሚያመለክተው ማንኛውም ግብር ከፋይ የታክስ ባለስልጣኑ የሚሰጠውን የታክስ ማሳወቂያ ደብዳቤ ከተቀበለ በኋላ ባሉት ሰላሳ ቀናት ውስጥ ግብሩን የመክፈል ወይም ቅሬታ የመንግስት መብቱ የተጠበቀ ቢሆንም እነዚህን ሳያደርግ ቢቀር ግን ንብረቱ ሊታገድ ይችላል ።
000136_mekdes.wav,የብድር ዋስትና ሰጪ ማለት ተበዳሪው እዳውን ካልከፈለ እኔ እከፍላለሁ ብሎ ለባለገንዘቡ ቃል የሚገባ ሰው ሲሆን ተበዳሪው ባለመክፈሉ ምክንያት ዋስትና ሰጪው ክፍያውን ከፈጸመ በኋላ ወደ ተበዳሪው ተመልሶ የከፈለውን ገንዘብ ይጠይቃል ።
000154_ameha.wav,አንድ የአስተዳደር አካል ውሳኔ ከመስጠቱ በፊት የተጎጂውን አካል የመስማት መብት ካልሰጠ እና ውሳኔው ከተሰጠ ያ ውሳኔ በህግ ሊሻር ይችላል።
000199_mekdes.wav,የፍርድ ቤት መዝገብ ቤት ሰራተኞች ማንኛውንም የፍርድ ቤት ውሳኔ ወይም ትእዛዝ ለሚመለከተው አካል በአስቸኳይ የመላክ እና የደረሰበትን ማረጋገጫ ተቀብሎ በፋይሉ ላይ የማያያዝ ግዴታ ያለባቸው ሲሆን ይህም የፍርድ ቤት ውሳኔዎች በወቅቱ እንዲፈጸሙ እና ፍትህ እንዳይጓተት ለማድረግ የሚረዳ ትልቅ የፍትህ ስራ ነው ።
000197_ameha.wav,የህዝብ ቅሬታ አፈታት ሂደት የሚከተሉትን ደረጃዎች ያካትታል አንደኛ ቅሬታ መቀበል ሁለተኛ ማጣራት ሶስተኛ ማስረጃ መሰብሰብ አራተኛ የቃል ክርክር ማካሄድ እና አምስተኛ ውሳኔ መስጠት።
000370_gtts.wav,ማንኛውም ከሳሽ የክስ ማቅረቢያውን ሰነድ በፍርድ ቤት ጸሃፊ ቢሮ ማስገባት ሲኖርበት ከዚህ በፊት የክስ መሰረቱን በግልጽ መግለጽ ያስፈልጋል።
000002_ameha.wav,የፌደራል ስርአት ዋነኛ ግብ የክልሎችን ማንነት እና ራስ ገዝ አስተዳደር ከማረጋገጥ ጎን ለጎን የአንድ ሀገር አንድነትን መጠበቅ ነው።
000204_ameha_aug1.wav,የመለያየት ደብዳቤ ማለት አሰሪው ሰራተኛውን ከስራ ሲያሰናብት ወይም ሰራተኛው ከስራ ሲለቅ የሚሰጠው በህጉ የተደነገገ የጽሁፍ ማስታወቂያ ማለት ነው።
000115_mekdes.wav,ስልሳ ስድስት። የመንግስት ንብረት አስተዳደር ህግ የመንግስት ንብረቶችን በአግባቡ ለመጠቀም እና ብክነትን ለመከላከል የሚያስችሉ ደንቦችን ያስቀምጣል።
000272_mekdes_aug1.wav,ይህ የፍርድ ቤት ትእዛዝ እንደሚገልጸው ማንኛውም በክርክር ላይ ያለ ንብረት እስከ መጨረሻው ውሳኔ ድረስ እንዳይሸጥ ወይም እንዳይለወጥ የታገደ በመሆኑ ይህንን ትእዛዝ በመጣስ የሚደረግ ማንኛውም የንብረት ዝውውር በህግ ፊት ዋጋ የሌለው እና ተቀባይነት የማይኖረው ይሆናል ።
000262_ameha.wav,በአለም አቀፍ የኮንትራት ህግ መሰረት አንድ ውል ተፈጻሚ ሊሆን የሚችለው ተዋዋይ ወገኖች በነጻ ፍቃዳቸው የተስማሙበት እና የውሉ አላማ ህጋዊ ሆኖ ሲገኝ ብቻ ሲሆን ነገር ግን በውሉ ውስጥ የተጠቀሱት ግዴታዎች የሌላን ሶስተኛ ወገን መብት የሚጋፉ ከሆኑ ወይም ከአለም አቀፍ የህዝብ ሞራል ጋር የሚቃረኑ ከሆኑ ውሉ ዋጋ አልባ ይሆናል ።
000026_mekdes.wav,የንብረት ባለቤትነት ማረጋገጫ ካርታ ማለት አንድ ሰው የመሬት ወይም የቤት ባለቤት መሆኑን የሚገልጽ የመንግስት ህጋዊ ሰነድ ሲሆን ይህ ካርታ የንብረቱን ስፋት ወሰንና መገኛ የሚገልጽ መረጃ የያዘና በካርታው ላይ ያለ ሰነድ ማንኛውንም የሽያጭ ወይም የዝውውር ተግባር መፈጸም አይቻልም ።
000120_mekdes_aug1.wav,የኩባንያው የህግ ተገዢነት ክፍል በየሶስት ወሩ የተምዋላ ሪፖርት ለቦርዱ ማቅረብ አለበት።
000288_ameha_aug1.wav,የፌደራል የከተማ ልማት ሚኒስቴር የከተማ ፕላን መመሪያዎች የሚከተሉትን ያካትታሉ አንደኛ የመሬት አጠቃቀም እቅድ ሁለተኛ የከተማ መሰረተ ልማት ሶስተኛ የመኖሪያ ቤቶች ልማት አራተኛ የኢንዱስትሪ ዞኖች እና አምስተኛ የአረንጓዴ ቦታዎች።
000222_ameha_aug1.wav,የአሰራር ግድፈት ማለት በአንድ አስተዳደራዊ ሂደት ውስጥ የህግ ደንቦችን ወይም መርሆችን አለማክበር።
000296_ameha.wav,የህገመንግስት ማሻሻያ ሂደት እጅግ በጣም ጥብቅ የሆኑ ህገመንግስታዊ መስፈርቶችን የሚያምዋላ መሆን አለበት የሚለው መሰረታዊ መርህ ነው።
000324_mekdes.wav,የፍርድ ቤት ውሳኔ አፈጻጸም ላይ የሚሳተፉ የሀራጅ ተጫራቾች ምንም አይነት የጥቅም ግጭት የሌለባቸው መሆን ያለባቸው ሲሆን በጨረታው ሂደት ላይ የሚፈጸም ማንኛውም ህገ ወጥ ስምምነት ወይም ማጭበርበር ጨረታውን የሚያሰርዝ እና ተጫራቾቹን በወንጀል ተጠያቂ የሚያደርግ ተግባር መሆኑ ይታወቃል ።
000127_ameha_aug1.wav,አንድ የህግ ድንጋጌ ግልጽ ካልሆነ እና በተለያዩ መንገዶች ሊተረጎም የሚችል ከሆነ ፍርድ ቤቱ ትርጓሜውን የመስጠት ስልጣን አለው።
000074_mekdes.wav,የፍርድ ቤት መጥሪያን የተቀበለ ማንኛውም ሰው በተጠቀሰው ቀን እና ሰአት የመገኘት ግዴታ ያለበት ሲሆን በችሎት ሳይገኝ ቢቀር ግን ፍርድ ቤቱ በሌለበት ውሳኔ የመስጠት ወይም ምስክሩ ከሆነ በፖሊስ ተይዞ እንዲቀርብ የማዘዝ ስልጣን እንዳለው በህግ የተደነገገ መሰረታዊ መርህ ነው ።
000307_mekdes_aug1.wav,የአገልግሎት መቋረጥ የሚፈጸመው የጥራት ደረጃው በሁለት ተከታታይ ጊዜያት ካልተምዋላ ነው።
000029_ameha_aug1.wav,የንግድ ሚስጥሮች ጥበቃ የድርጅቶችን ተወዳዳሪነት በመጠበቅ እና ፈጠራን በማበረታታት ትልቅ ፋይዳ አለው።
000083_mekdes.wav,አንድ ሀገር የአለም አቀፍ ስምምነትን ሲያጸድቅ በሀገሪቱ ህግ መሰረት አስፈላጊ የሆኑ የማሻሻያ ስራዎችን ማከናወን ያለበት ሲሆን ይህም ስምምነቱ በተግባር ላይ እንዲውል እና በዜጎች መብት ላይ ተጽእኖ እንዲኖረው ለማድረግ አስፈላጊ የሆነ የህግ ሂደት ነው ።
000311_ameha.wav,የፍርድ ቤት መዝገብ ማህደር ውስጥ የሚገኙ ሰነዶች በጥንቃቄ መያዝ ያለባቸው ሲሆን ማንኛውም ሰነድ ከመዝገቡ ውስጥ እንዲወጣ ወይም እንዲቀየር ማድረግ ጥብቅ የወንጀል ተጠያቂነት ያስከትላል እንዲሁም ባለጉዳዮች የሰነዶችን ግልባጭ ሲወስዱ የመዝገብ ቤቱ ሀላፊ ማህተም እና ፊርማ መኖሩን ማረጋገጥ ያለባቸው ሲሆን ኦሪጅናል ሰነዶች ግን ከፍርድ ቤቱ ቅጥር ግቢ ውጭ እንዲወጡ ፈጽሞ አይፈቀድም ።
000107_ameha.wav,የኪራይ ውል ማቋረጥ ማለት ውሉ በሁለቱም ወገኖች ስምምነት ወይም በአንደኛው ወገን የውል ግዴታ ባለመፈጸሙ ምክንያት ውሉ የህግ ውጤት የሌለው መሆን ማለት ነው።
000248_gtts.wav,የንግድ ማህበር ስራ አስኪያጅ በማህበሩ ስም የሚደረጉ ማናቸውም ግዢዎች የድርጅቱን የፋይናንስ አቅም ያገናዘቡ መሆናቸውን ማረጋገጥ ያለበት ሲሆን ለግዢው የሚወጣው ወጪም ከድርጅቱ የተጣራ ትርፍ ላይ ተቀናሽ የሚደረግ መሆን ይኖርበታል ።
000350_gtts.wav,የአስተዳደር አካል የህዝብን ቅሬታ በአግባቡ ካልተመለከተ እና ለተደጋጋሚ ቅሬታዎች ምላሽ ካልሰጠ የስራ አፈጻጸሙ ይገመገማል።
000133_mekdes_aug1.wav,በፋይናንስ አስተዳደር ረገድ የመንግስት መስሪያ ቤቶች የውስጥ ኦዲት ክፍል ሊኖራቸው የሚገባ ሲሆን ይህ ክፍል የመስሪያ ቤቱን የገንዘብ ወጪ እና ገቢ በየጊዜው በመቆጣጠር ህገወጥ ክፍያዎች እንዳይፈጸሙ እና የበጀት ብክነት እንዳይኖር የመከላከል ሀላፊነት ያለበት ሲሆን ግኝቱንም ለበላይ ሀላፊው እና ለዋና ኦዲተር ሪፖርት ያደርጋል ።
000184_ameha.wav,የጋራ ንብረት ክፍፍል የሚደረገው በትዳር ወቅት የተፈራው ሀብት በሁለቱም ስም የተመዘገበ ቢሆንም ባይሆንም እኩል እንዲካፈሉ በሚያዘው የቤተሰብ ህግ መሰረት ሲሆን ሆኖም ግን አንደኛው ወገን ንብረቱን ከጋብቻ በፊት ማግኘቱን ካስረዳ ያ ንብረት በክፍፍሉ ውስጥ አይካተትም ።
000331_mekdes_aug1.wav,የቅጣት ማክበጃ ምክንያቶች የሚከተሉትን ሊያካትቱ ይችላሉ አንደኛ የወንጀሉ ከባድነት ሁለተኛ በተደጋጋሚ ወንጀል መፈጸሙ ሶስተኛ በጭካኔ መፈጸሙ እና አራተኛ የህዝብን ሰላም ማወኩ።
000044_mekdes.wav,የፍርድ ቤት ውሳኔ አፈጻጸም ላይ የሚሳተፉ የሀራጅ ተጫራቾች ምንም አይነት የጥቅም ግጭት የሌለባቸው መሆን ያለባቸው ሲሆን በጨረታው ሂደት ላይ የሚፈጸም ማንኛውም ህገ ወጥ ስምምነት ወይም ማጭበርበር ጨረታውን ሙሉ በሙሉ የሚያሰርዝ እና ተጫራቾቹን በወንጀል ተጠያቂ የሚያደርግ ተግባር ነው ።
000346_mekdes.wav,የታክስ ስወራን ለመከላከል መንግስት የሽያጭ መመዝገቢያ ማሽኖችን አጠቃቀም ግዴታ ያደረገ ሲሆን ማንኛውም ነጋዴ እቃ ሲሸጥ ደረሰኝ የመቁረጥ ግዴታ ያለበት ሲሆን ደረሰኝ ሳይቆርጥ የተገኘ ነጋዴ ከፍተኛ የገንዘብ ቅጣት የሚጣልበት ሲሆን ደንበኛው ደግሞ ደረሰኝ የመጠየቅ መብትና ግዴታ እንዳለው በታክስ መመሪያው ላይ ተገልጽዋል ።
000065_ameha_aug1.wav,የሁለትዮሽ የኢንቨስትመንት ስምምነት ማለት በሁለት ሀገራት መካከል የሚደረግ እና አንደኛው ሀገር በሌላኛው ሀገር ውስጥ የሚንቀሳቀሱ የራሱን ባለሀብቶች መብት እና ጥቅም ለማስጠበቅ የሚፈርመው እንዲሁም ካሳን የትርፍ ዝውውርን እና የክርክር አፈታትን በሚመለከት ዝርዝር ድንጋጌዎችን የያዘ ህጋዊ ሰነድ ማለት ነው ።
000297_ameha_aug1.wav,የህገመንግስት ማሻሻያ ሂደት እጅግ በጣም ጥብቅ የሆኑ ህገመንግስታዊ መስፈርቶችን የሚያምዋላ መሆን አለበት የሚለው መሰረታዊ መርህ ነው።
000085_mekdes.wav,ይህ የወንጀል ፍትህ አስተዳደር ስርአት በህገመንግስቱ እና በሌሎች አግባብነት ባላቸው ህጎች መሰረት የሚመራ ነው።
000186_mekdes.wav,የአቃቤ ህግ ምርመራ ቡድን ማንኛውንም የግል ንብረት ለመበርበር ከፈለገ አስቀድሞ ከፍርድ ቤት ህጋዊ ማዘዣ ማግኘት አለበት።
000070_ameha.wav,የመሬት ባለቤትነት መብት የሚረጋገጠው በመንግስት በተሰጠ የመሬት ካርታ ወይም የይዞታ ሰነድ ሲሆን ይህም የባለቤቱን ማንነት እና የመሬቱን ወሰን በግልጽ ያስቀምጣል።
000159_mekdes.wav,የወንጀል ህግ ማለት አንድ የተወሰነ ድርጊት ወንጀል መሆኑን የሚደነግግ፣ የወንጀሉን አይነቶች የሚለይ እና ለእያንዳንዱ ወንጀል የሚበቃውን ቅጣት የሚወስን የህግ ስርአት ነው።
000012_mekdes_aug1.wav,አንድ የንግድ ድርጅት የአክሲዮን ድርሻውን ለሌላ ሰው በሚያስተላልፍበት ወቅት የሚደረገው የሽያጭ ውል በውልና ማስረጃ መረጋገጥ ያለበት ሲሆን ዝውውሩም በንግድ መዝገብ ላይ ተመዝግቦ ለህዝብ ይፋ እስካልተደረገ ድረስ ዝውውሩ ለሶስተኛ ወገኖች ተፈጻሚ እንደማይሆን እና ህጋዊ ዋጋ እንደማይኖረው በኢትዮጵያ የንግድ ህግ ላይ ተደንግጓል ።
000035_ameha.wav,የስራ ፍቃድ ማለት አንድ ሰው በአንድ የተወሰነ ሙያ ወይም ስራ ላይ ለመሰማራት ከሚመለከተው የመንግስት አካል ማግኘት ያለበት ህጋዊ ማረጋገጫ።
000028_ameha.wav,የንግድ ሚስጥሮች ጥበቃ የድርጅቶችን ተወዳዳሪነት በመጠበቅ እና ፈጠራን በማበረታታት ትልቅ ፋይዳ አለው።
000170_mekdes_aug1.wav,የገቢዎች ባለስልጣን ማንኛውንም የንግድ ድርጅት የሂሳብ መዝገብ የመመርመር ስልጣን ያለው ሲሆን ድርጅቱም አስፈላጊውን መረጃ የመስጠት እና ትብብር የማድረግ ግዴታ ያለበት ሲሆን ካልተባበረ አስተዳደራዊ ቅጣት ይጣልበታል ።
000142_mekdes_aug1.wav,የውል ማስረጃ ማለት በውል ክርክር ውስጥ የውሉን ህጋዊነት የሚያረጋግጥ ማስረጃ ማለት ነው።
000299_mekdes.wav,ማንኛውም ተጋቢ በጋብቻው ወቅት ያፈራውን የግል ንብረት ለትዳር አጋሩ በጽሁፍ ካልሰጠ ወይም በኑዛዜ ካላስተላለፈ በስተቀር የጋራ ንብረት ተደርጎ ሊወሰድ እንደማይችል እና የንብረት ክፍፍል በሚመጣበት ጊዜም በግል ይዞታነት እንደሚቆይ በህጉ አንቀጽ ሶስት መቶ አራት አስር ሰባት ላይ ተደንግጓል ።
000261_mekdes_aug1.wav,የታክስ አስተዳደር አዋጅ ቁጥር ዘጠኝ መቶ ሰባ አምስት አንቀጽ አንድ መቶ ሶስት አስር ሶስት እንደሚደነግገው ማንኛውም ግብር ከፋይ የታክስ ባለስልጣኑ የሚሰጠውን የታክስ ውሳኔ ከተቀበለ በኋላ ግብሩን በወቅቱ ካልከፈለ ባለስልጣኑ የግብር ከፋዩን ንብረት አግዶ በመሸጥ እዳውን የመሰብሰብ ስልጣኑን ተግባራዊ ለማድረግ የፍርድ ቤት ትእዛዝ አያስፈልገውም ።
000150_mekdes_aug1.wav,ማንኛውም በኤክስፖርት ስራ ላይ የተሰማራ ድርጅት ከውጭ አገር የሚገኘውን የውጭ ምንዛሬ በሙሉ ለብሄራዊ ባንክ ገቢ ማድረግ ያለበት ሲሆን ከዚህ ውስጥ የተወሰነውን በመቶኛ ለራሱ ስራ ማስኬጃ እንዲጠቀም የሚፈቀድለት ቢሆንም ቀሪውን ግን በወቅቱ ባለው የምንዛሬ ተመን መሰረት ወደ ብሄራዊ ሪዘርቭ ማስተላለፍ አለበት ።
000228_gtts_aug1.wav,የመንግስት ግዢ ማለት አንድ የመንግስት መስሪያ ቤት ለስራው የሚያስፈልጉትን ቁሳቁሶች ወይም አገልግሎቶች በግልጽ ጨረታ ወይም በውስን ጨረታ አማካኝነት ከህጋዊ ነጋዴዎች ላይ የሚገዛበት ህጋዊ የንግድ ስርአት እና የአሰራር ሂደት ነው ።
000221_ameha.wav,የአሰራር ግድፈት ማለት በአንድ አስተዳደራዊ ሂደት ውስጥ የህግ ደንቦችን ወይም መርሆችን አለማክበር።
000131_ameha_aug1.wav,የህዝብ ጥቅም ሲባል ንብረት መውሰድ ማለት መንግስት ለመንገድ ለባቡር ወይም ለሌላ ልማት ስራ ሲል የግለሰቦችን ይዞታ የሚረከብበት አሰራር ሲሆን ይህም ከመደረጉ በፊት ግን ለባለቤቱ ተመጣጣኝ የሆነ የካሳ ክፍያ እና ምትክ ቦታ መስጠት እንዳለበት ህጉ ያስገድዳል ።
000255_gtts.wav,በወንጀለኛ መቅጫ ህግ አንቀጽ አምስት መቶ ስልሳ ሰባት መሰረት አንድን ሰው ያለ ህጋዊ ትእዛዝ በቁጥጥር ስር ማዋል ወይም በቤት ውስጥ ዘግቶ ማስቀመጥ በሰው ልጅ ነጻነት ላይ የሚፈጸም ከባድ ወንጀል ሆኖ ተከሳሹ በዚህ ድርጊት ጥፋተኛ ሆኖ ከተገኘ በአምስት አመት ጽኑ እስራት ይቀጣል ።
000051_ameha.wav,ሰራተኛ ማለት በስራ ውል መሰረት ደመወዝ እየተከፈለው በሌላ ሰው ቁጥጥር ስር የሚሰራ እና በህጉ መሰረት መብት ያለው ሰው ማለት ነው።
000240_mekdes_aug1.wav,የግንባታ ፍቃድ የተሰጠበት ንብረት በተጠቀሰው ጊዜ ውስጥ ካልተገነባ የማዘጋጃ ቤት ባለስልጣናት ፍቃዱን የመሻር ስልጣን ይኖራቸዋል።
000281_ameha.wav,የአለም አቀፍ የወንጀለኞች ፍርድ ቤት ሮም ስታትዩት ማለት የዘር ማጥፋትን በሰው ልጆች ላይ የሚፈጸሙ ወንጀሎችን የጦር ወንጀሎችን እና የጥቃት ወንጀሎችን የሚፈጽሙ ግለሰቦችን በቁጥጥር ስር ለማዋል እና ለፍርድ ለማቅረብ የተቋቋመ የቋሚ ፍርድ ቤት መመስረቻ ሰነድ ሲሆን ይህም የአለም አቀፍ ፍትህን ለማረጋገጥ የታለመ ነው ።
000095_mekdes_aug1.wav,የጉዲፈቻ ውል ማለት አንድ ሰው የሌላውን ልጅ እንደራሱ ልጅ አድርጎ ለመቀበልና ለማሳደግ የሚያደርገው ህጋዊ ስምምነት ሲሆን ይህም ውል በልጁ ወላጆች ወይም አሳዳጊዎች ስምምነት ላይ ተመስርቶ በፍርድ ቤት ሲጸድቅና በልጁ የልደት ምስክር ወረቀት ላይ ሲሰፍር ይጸናል ።
000286_mekdes_aug1.wav,የባንክ ደንበኛ መታወቂያ መመሪያ መሰረት ማንኛውም ሰው የባንክ ሂሳብ ለመክፈት ሲመጣ ትክክለኛ መታወቂያ ማቅረብ ያለበት ሲሆን ባንኩም የቀረበው መታወቂያ ትክክለኛ መሆኑን የማረጋገጥ እና የደንበኛውን የገንዘብ ምንጭ የመጠየቅ ግዴታ ያለበት ሲሆን ይህም ህገወጥ የገንዘብ ዝውውርን ለመከላከል የሚደረግ ጥብቅ ቁጥጥር ነው ።
000178_ameha_aug1.wav,የስራ ስንብት ካሳ ማለት አሰሪው ሰራተኛውን በህገ ወጥ መንገድ ሲያሰናብት ለሰራተኛው የሚከፍለው በህጉ የተደነገገ የገንዘብ ማካካሻ ማለት ነው።
000041_ameha_aug1.wav,የውል አለመግባባትን ለመፍታት የግልግል ዳኝነት ካልተመረጠ ተዋዋይ ወገኖች ወደ መደበኛ ፍርድ ቤት የመሄድ መብት አላቸው።
000291_gtts_aug1.wav,የአክሲዮን ማህበር መስራቾች የሚባሉት መመስረቻ ጽሁፉን የፈረሙ እና የኩባንያውን ምስረታ ሂደት በበላይነት የመሩት ሲሆን እነዚህ ሰዎች ኩባንያው ህጋዊ ሰውነት እስኪያገኝ ድረስ ለሚደረጉ ውሎች በጋራ እና በተናጠል ተጠያቂ ይሆናሉ ።
000206_mekdes_aug1.wav,የመድን ሰጪው ግዴታዎች ጉዳት ሲደርስ የካሳ ክፍያውን በውሉ መሰረት መክፈል እና ለተጠቃሚው ስለ ኢንሹራንስ ፖሊሲው ግልጽ መረጃ መስጠት ሲሆኑ እነዚህን ግዴታዎች ሳይወጣ ቢቀር ለሚደርሰው መዘግየት ወለድ እንዲከፍል ይገደዳል ።
000254_mekdes.wav,ማንኛውም ሰው በስሙ የተመዘገበን ንብረት ለሌላ ሰው ለማስተላለፍ ሲፈልግ የሽያጭ ወይም የስጦታ ውል በጽሁፍ ማዘጋጀት እና ይህንን ውል በሚመለከተው የመንግስት አካል ፊት ቀርቦ በማረጋገጥ የባለቤትነት ስም ዝውውር መፈጸም እንዳለበት በህግ በግልጽ ተቀምጥዋል ።
000312_gtts.wav,ፍርድ ቤቱ የይግባኝ አቤቱታውን በተገቢው ጊዜ የተቀበለ እንደሆነና ይግባኝ ሰሚው አካል ህጉን በስህተት ተርጉሞታል የሚል እምነት ካለው ውሳኔውን ሊሽረው ይችላል።
000004_ameha.wav,የፍትህ ስርአቱ በሀገሪቱ የህግ የበላይነትን ለማስጠበቅ እና የዜጎችን መብትና ጥቅም ለማስጠበቅ ወሳኝ ሚና ይጫወታል።
000256_gtts_aug1.wav,በወንጀለኛ መቅጫ ህግ አንቀጽ አምስት መቶ ስልሳ ሰባት መሰረት አንድን ሰው ያለ ህጋዊ ትእዛዝ በቁጥጥር ስር ማዋል ወይም በቤት ውስጥ ዘግቶ ማስቀመጥ በሰው ልጅ ነጻነት ላይ የሚፈጸም ከባድ ወንጀል ሆኖ ተከሳሹ በዚህ ድርጊት ጥፋተኛ ሆኖ ከተገኘ በአምስት አመት ጽኑ እስራት ይቀጣል ።
000337_mekdes.wav,የታክስ ስወራ ወንጀል ማለት አንድ ግብር ከፋይ ሆን ብሎ ገቢውን በመደበቅ ወይም የሀሰት ሰነዶችን በማዘጋጀት ለመንግስት መክፈል ያለበትን ግብር ሳይከፍል ሲቀር እና ይህ ድርጊት በኦዲት ምርመራ ወቅት ተረጋግጦ ሲገኝ የሚወሰድ ህጋዊ እርምጃ እና የወንጀል ተጠያቂነትን የሚያካትት ሰፊ ትርጓሜ ነው ።
000100_ameha.wav,በአንቀጽ ዘጠኝ ሺህ ዘጠኝ መቶ ዘጠና ዘጠኝ መሰረት ማንኛውም ሰው በህገ ወጥ መንገድ የጦር መሳሪያ የያዘ ወይም ዝውውር የፈጸመ እንደሆነ ድርጊቱ የሀገርን ሰላም እና ጸጥታ የሚጎዳ በመሆኑ መሳሪያው ለመንግስት እንዲወረስ እና ግለሰቡ ከአምስት እስከ አስር አመት በሚደርስ ጽኑ እስራት እንዲቀጣ የሚል ውሳኔ ይሰጣል ።
000226_ameha_aug1.wav,የፍርድ ቤት ውሳኔ ከመሰጠቱ በፊት ዳኛው የሁለቱንም ወገኖች ክርክር እና የቀረቡትን ማስረጃዎች በጥንቃቄ መመዘን ይኖርበታል።
000322_gtts.wav,በህጋዊ መንገድ የተቋቋመ አካል ለህዝብ አገልግሎት የሚሰጥ ከሆነ እና ለህብረተሰቡ ሰላም አስተዋጽኦ የሚያደርግ ከሆነ ከመንግስት ልዩ ድጋፍ ሊያገኝ ይችላል።
000213_ameha_aug1.wav,የስራ ቦታ ደህንነት ኮሚቴ ማለት የስራ ደህንነትና ጤና ጥበቃን ለማረጋገጥ በአሰሪና ሰራተኞች ተወካዮች የሚቋቋም የውስጥ አካል ማለት ነው።
000171_gtts.wav,በአንቀጽ አራት መቶ ሰላሳ ሁለት መሰረት ማንኛውም ሰው በሌላው ላይ የሀሰት ክስ መስርቶ ክብሩን ከነካ ወይም ከስራው እንዲሰናበት ካደረገ የደረሰውን የገቢ ማጣት ጉዳት እና የሞራል ጉዳት የመካስ ግዴታ አለበት ።
000098_ameha_aug1.wav,የፍትሀብሄር ክስ ይግባኝ የሚቀርበው የመጀመሪያው ፍርድ ቤት ውሳኔ ትክክል አይደለም ብሎ ያመነ ወገን በህጉ በተቀመጠው የጊዜ ገደብ ውስጥ ለከፍተኛ ፍርድ ቤት በጽሁፍ ጥያቄ ሲያቀርብ ነው።
000215_mekdes_aug1.wav,ሁለት መቶ ሃያ አምስት። የህዝብ ተወካዮች ምክር ቤት ህግ የማውጣት ስልጣን ያለው ሲሆን የመንግስትን የአፈጻጸም አካላት የመቆጣጠር ሃላፊነትም አለበት።
000061_mekdes_aug1.wav,ባለቤትነት ማለት አንድ ሰው በንብረቱ ላይ ሙሉ መብት ያለው ሆኖ ንብረቱን የመጠቀም የመሸጥ የመለወጥ ወይም በሌላ መልኩ የማስተላለፍ ስልጣን ሲኖረው ይህም በህግ ወይም በውል ካልተገደበ በስተቀር በፈለገው መንገድ የመጠቀም መብትን ያካትታል ።
000047_ameha_aug1.wav,የፌደራልና የክልል መንግስታት በህገመንግስቱ በተደነገገው የስልጣን ክፍፍል መሰረት በየራሳቸው የስልጣን ወሰን ውስጥ መስራት ይገባቸዋል።
000032_mekdes.wav,የአስተዳደር አካላት መመሪያዎችን ሲያወጡ የህዝብን ተሳትፎ ማረጋገጥ ያለባቸው ሲሆን መመሪያው ከመጽደቁ በፊት ለውይይት መቅረብ እና የሰዎች አስተያየት መካተት እንዳለበት ህጉ ያስገድዳል ።
000267_mekdes.wav,ሶስት መቶ ሰላሳ አምስት። የህገ መንግስቱ ንኡስ አንቀጽ ሰባት አንድ የሀገሪቱ የብሄር ብሄረሰቦች እና ህዝቦች እኩልነትን እና የራስን በራስ የማስተዳደር መብትን ያረጋግጣል።
000200_mekdes_aug1.wav,የፍርድ ቤት መዝገብ ቤት ሰራተኞች ማንኛውንም የፍርድ ቤት ውሳኔ ወይም ትእዛዝ ለሚመለከተው አካል በአስቸኳይ የመላክ እና የደረሰበትን ማረጋገጫ ተቀብሎ በፋይሉ ላይ የማያያዝ ግዴታ ያለባቸው ሲሆን ይህም የፍርድ ቤት ውሳኔዎች በወቅቱ እንዲፈጸሙ እና ፍትህ እንዳይጓተት ለማድረግ የሚረዳ ትልቅ የፍትህ ስራ ነው ።
000335_mekdes.wav,የሽያጭ ክፍያ ማለት በሽያጭ ውል መሰረት የሚከፈለው አጠቃላይ ገንዘብ ማለት ነው።
000027_mekdes_aug1.wav,የንብረት ባለቤትነት ማረጋገጫ ካርታ ማለት አንድ ሰው የመሬት ወይም የቤት ባለቤት መሆኑን የሚገልጽ የመንግስት ህጋዊ ሰነድ ሲሆን ይህ ካርታ የንብረቱን ስፋት ወሰንና መገኛ የሚገልጽ መረጃ የያዘና በካርታው ላይ ያለ ሰነድ ማንኛውንም የሽያጭ ወይም የዝውውር ተግባር መፈጸም አይቻልም ።
000357_ameha.wav,የፍርድ ቤት ውሳኔ አፈጻጸም ወቅት ተቃውሞ ካጋጠመ ለምሳሌ ንብረቱ የሌላ ሰው ነው የሚል የሶስተኛ ወገን ጥያቄ ቢነሳ አፈጻጸሙ ለጊዜው እንዲቆም እና የንብረት ይገባኛል ክርክሩ ተለይቶ እንዲታይ ይደረጋል እንዲሁም ንብረቱ የሌላ ሰው መሆኑ ከተረጋገጠ እገዳው ተነስቶ ለባለቤቱ እንዲመለስ ፍርድ ቤቱ ትእዛዝ ይሰጣል ።
000230_ameha_aug1.wav,ይህ ደንብ የመንግስት አካላት ለተሰጣቸው ስልጣን ሙሉ በሙሉ ተጠያቂ መሆናቸውን ያረጋግጣል።
000260_mekdes.wav,የታክስ አስተዳደር አዋጅ ቁጥር ዘጠኝ መቶ ሰባ አምስት አንቀጽ አንድ መቶ ሶስት አስር ሶስት እንደሚደነግገው ማንኛውም ግብር ከፋይ የታክስ ባለስልጣኑ የሚሰጠውን የታክስ ውሳኔ ከተቀበለ በኋላ ግብሩን በወቅቱ ካልከፈለ ባለስልጣኑ የግብር ከፋዩን ንብረት አግዶ በመሸጥ እዳውን የመሰብሰብ ስልጣኑን ተግባራዊ ለማድረግ የፍርድ ቤት ትእዛዝ አያስፈልገውም ።
000162_mekdes.wav,የህገ መንግስት ዳኝነት ማለት በህገ መንግስቱ የተሰጡትን መብቶችና ነጻነቶች ማስከበር ሲሆን የመንግስት ስልጣንም በህገ መንግስታዊ ወሰኖች ውስጥ መሆኑን ማረጋገጥ ማለት ነው።
000320_ameha.wav,የመልካም አስተዳደር መርህ ማለት የመንግስት አካላት ግልጽነት ተጠያቂነት ፍትሃዊነት እና የህግ የበላይነትን ባረጋገጠ መልኩ ሲሰሩ ነው።
000138_ameha_aug1.wav,በብድር ስምምነት ውስጥ የቅጣት ወለድ መጠን በግልጽ ካላተጠቀሰ አበዳሪው ከተፈቀደው በላይ መጠየቅ አይችልም።
000062_ameha.wav,የመንግስት ግዥ ማለት የመንግስት አካላት እቃዎች አገልግሎቶች ወይም የህዝብ ስራዎችን ለመፈጸም ከግል ድርጅቶች ጋር የሚያደርጉት ውል ነው።
000135_ameha_aug1.wav,የህዝብ ተወካዮች ምክር ቤት ህግ የማውጣት ስልጣን ያለው ሲሆን ማንኛውም የሚወጣ ህግ ከሀገሪቱ ህገ መንግስት ጋር የማይቃረን መሆኑ መረጋገጥ አለበት እንዲሁም አዳዲስ አዋጆች ከመጽደቃቸው በፊት በረቂቅ ደረጃ ለህዝብ ውይይት እንዲቀርቡ እና አስተያየት እንዲሰጥባቸው ይደረጋል ።
000128_mekdes.wav,አንድ ሀገር በአለም አቀፍ ስምምነት ላይ የተጠቀሱትን ግዴታዎች ለመወጣት የሚያስችል የህግ ማሻሻያ ሲያደርግ ይህ ማሻሻያ በዜጎች መሰረታዊ መብቶች ላይ ተጽእኖ እንዳይኖረው ጥንቃቄ ማድረግ ያለበት ሲሆን ይህም የስምምነቱን አላማ ከሀገር ውስጥ ህግ ጋር ለማጣጣም ይረዳል ።
000008_ameha.wav,የህግ ስብእና ማለት አንድ አካል እንደ ግለሰብ ወይም ኩባንያ የራሱ መብቶች እና ግዴታዎች እንዲኖሩት የሚያስችለው ህጋዊ ሁኔታ ሲሆን ይህም ውል የመዋዋል ብቃትን ያካትታል።
000064_ameha.wav,የሁለትዮሽ የኢንቨስትመንት ስምምነት ማለት በሁለት ሀገራት መካከል የሚደረግ እና አንደኛው ሀገር በሌላኛው ሀገር ውስጥ የሚንቀሳቀሱ የራሱን ባለሀብቶች መብት እና ጥቅም ለማስጠበቅ የሚፈርመው እንዲሁም ካሳን የትርፍ ዝውውርን እና የክርክር አፈታትን በሚመለከት ዝርዝር ድንጋጌዎችን የያዘ ህጋዊ ሰነድ ማለት ነው ።
000014_ameha_aug1.wav,የአስተዳደር ህግ የህዝብ አስተዳደር አካላት ስልጣን ወሰኖችን ሲገልጽ የሚከተሉትን መርሆዎች ያካትታል አንደኛ የህግ የበላይነት መርህ ሁለተኛ የፍትሃዊነት መርህ ሶስተኛ የግልጽነት መርህ እና አራተኛ የተጠያቂነት መርህ።
000156_ameha.wav,የተባበሩት መንግስታት ድርጅት የጸጥታው ምክር ቤት በአንድ ሀገር ላይ የሚወሰድ የሰላም ማስከበር ስራ ውጤታማ እንዲሆን የሁለቱንም ተከራካሪ ወገኖች ፍቃደኝነት ማግኘት አስፈላጊ መሆኑን እና በገለልተኝነት እንዲሁም የሀይል እርምጃን ለመከላከያ ብቻ በመጠቀም መርህ ላይ ተመስርቶ ሊከናወን እንደሚገባ በድጋሚ ያረጋግጣል ።
000040_ameha.wav,የውል አለመግባባትን ለመፍታት የግልግል ዳኝነት ካልተመረጠ ተዋዋይ ወገኖች ወደ መደበኛ ፍርድ ቤት የመሄድ መብት አላቸው።
000345_mekdes_aug1.wav,የአስተዳደር ህግ የህዝብ አካላት ስልጣናቸውን ሲጠቀሙ ከህግ ወጥ ተግባር እንዲቆጠቡ የሚያስገድድ የህግ ዘርፍ ነው።
000304_mekdes.wav,የኮንስትራክሽን ፈቃድ ለማውጣት አመልካቹ የሚከተሉትን ማምዋላት አለበት አንደኛ የመሬት ይዞታ ማረጋገጫ ሁለተኛ በአርክቴክት የተፈረመ ፕላን ሶስተኛ የህንጻው መዋቅራዊ ንድፍ እና አራተኛ የግንባታ ቁጥጥር ስምምነት ሲሆኑ እነዚህም በከተማ አስተዳደሩ መጽደቅ አለባቸው ።
000216_ameha.wav,ፍትህ መዘግየቱ ፍትህ እንደተነፈገ ያህል ነው የሚባለው አባባል በፍርድ ቤቶች ዘንድ እንደመሪ መርህ ይቆጠራል።
000279_mekdes.wav,ሶስት መቶ አራት። የአንድ አካል የህዝብ ተወካይነት ስልጣን የሚመነጨው በዴሞክራሲያዊ ምርጫ ከህዝብ ሲሆን ይህ ምርጫም ነጻ ፍትሃዊ እና ግልጽ መሆን ይኖርበታል።
000325_ameha.wav,የፌደራል የባንኮች አዋጅ የሚከተሉትን ዋና ዋና ድንጋጌዎች ይዝዋል አንደኛ የባንክ ፍቃድ አሰጣጥ ሁለተኛ የባንክ ካፒታል መስፈርት ሶስተኛ የባንክ አገልግሎቶች አራተኛ የባንክ ቁጥጥር እና አምስተኛ የባንክ ፈሳሽነት።
000236_ameha_aug1.wav,የፍርድ ቤት ውሳኔ አፈጻጸም ወቅት ተበዳሪው መክፈል ያለበትን ገንዘብ ለመክፈል ፈቃደኛ ካልሆነ እና ንብረቶቹን ሁሉ ለሌላ ሰው አሳልፎ ከሰጠ ፍርድ ቤቱ የተበዳሪውን የጉዞ እገዳ ሊጥልበት ይችላል ይህም ተበዳሪው እዳውን ሳይከፍል ከሀገር እንዳይወጣ ለመከላከል የሚደረግ እርምጃ ሲሆን በተጨማሪም ተበዳሪው ንብረቶቹን መልሶ ለእዳ መክፈያነት እንዲያቀርብ ወይም በምትኩ በቂ ዋስትና እንዲሰጥ ተገዶ ሊታዘዝ ይችላል እንዲሁም ትእዛዙን ካልፈጸመ በፍርድ ቤት መናቅ ወንጀል ተከሶ እስከ ስድስት ወር በሚደርስ ቀላል እስራት ሊቀጣ ይችላል እንዲሁም ተበዳሪው ንብረቱን የሸሸገው ወይም በሀሰት ለሌላ ሰው ያዛወረው መሆኑ ከተረጋገጠ ዝውውሩ ተሰርዞ ንብረቱ እንዲወረስ እና ድርጊቱን የፈጸሙ ግብረ አበሮችም በህግ እንዲጠየቁ ይደረጋል እንዲሁም ተበዳሪው በውሳኔው መሰረት ክፍያውን መፈጸም የማይችል መሆኑን በበቂ ማስረጃ ካስረዳ ፍርድ ቤቱ ክፍያውን በየጊዜው እንዲከፍል ሊፈቅድለት ይችላል ነገር ግን ይህ ፈቃድ የሚሰጠው ተበዳሪው እውነተኛ ሀሳብ ያለው መሆኑ ሲረጋገጥ ብቻ ነው ።
000207_ameha.wav,የማይንቀሳቀስ ንብረት ሽያጭ ውል በጽሁፍ ከተዘጋጀ እና በፍርድ ቤት ወይም በሌላ ስልጣን ባለው አካል ከተረጋገጠ በስተቀር የህግ ውጤት የለውም ሲል የፍትሀብሄር ህግ አንቀጽ ሁለት ሺህ አንድ መቶ ሃያ ስምንት በግልጽ ያስቀምጣል።
000212_ameha.wav,የስራ ቦታ ደህንነት ኮሚቴ ማለት የስራ ደህንነትና ጤና ጥበቃን ለማረጋገጥ በአሰሪና ሰራተኞች ተወካዮች የሚቋቋም የውስጥ አካል ማለት ነው።
